2026-07-04 05:28:25,386 [INFO] scrapers.hyperpure: hyperpure: https://www.hyperpure.com/in/hyperpure -> 20 products
2026-07-04 05:28:31,373 [INFO] scrapers.hyperpure: hyperpure: https://www.hyperpure.com/in/packaging-material -> 20 products
2026-07-04 05:28:35,332 [INFO] scrapers.hyperpure: hyperpure: https://www.hyperpure.com/in/atta-maida-sooji -> 20 products
2026-07-04 05:28:39,105 [INFO] scrapers.hyperpure: hyperpure: https://www.hyperpure.com/in/butter -> 20 products
2026-07-04 05:28:43,040 [INFO] scrapers.hyperpure: hyperpure: https://www.hyperpure.com/in/cashews1 -> 20 products
2026-07-04 05:28:48,870 [INFO] scrapers.hyperpure: hyperpure: https://www.hyperpure.com/in/cheese -> 20 products
2026-07-04 05:28:52,725 [INFO] scrapers.hyperpure: hyperpure: https://www.hyperpure.com/in/chicken-breast-boneless -> 9 products
2026-07-04 05:28:56,442 [INFO] scrapers.hyperpure: hyperpure: https://www.hyperpure.com/in/corn-flour-besan-others -> 20 products
2026-07-04 05:29:00,361 [INFO] scrapers.hyperpure: hyperpure: https://www.hyperpure.com/in/cream -> 12 products
2026-07-04 05:29:04,762 [INFO] scrapers.hyperpure: hyperpure: https://www.hyperpure.com/in/curd -> 20 products
2026-07-04 05:29:08,657 [INFO] scrapers.hyperpure: hyperpure: https://www.hyperpure.com/in/edible-oils -> 20 products
2026-07-04 05:29:12,265 [INFO] scrapers.hyperpure: hyperpure: https://www.hyperpure.com/in/eggs -> 7 products
2026-07-04 05:29:16,121 [INFO] scrapers.hyperpure: hyperpure: https://www.hyperpure.com/in/ghee -> 20 products
2026-07-04 05:29:19,896 [INFO] scrapers.hyperpure: hyperpure: https://www.hyperpure.com/in/ketchup-puree-pastes -> 20 products
2026-07-04 05:29:23,775 [INFO] scrapers.hyperpure: hyperpure: https://www.hyperpure.com/in/milk-milk-powder -> 18 products
2026-07-04 05:29:27,778 [INFO] scrapers.hyperpure: hyperpure: https://www.hyperpure.com/in/paneer -> 20 products
2026-07-04 05:29:31,591 [INFO] scrapers.hyperpure: hyperpure: https://www.hyperpure.com/in/pasta-noodles -> 20 products
2026-07-04 05:29:35,687 [INFO] scrapers.hyperpure: hyperpure: https://www.hyperpure.com/in/rice-rice-products -> 20 products
2026-07-04 05:29:39,526 [INFO] scrapers.hyperpure: hyperpure: https://www.hyperpure.com/in/salts-sugars -> 20 products
2026-07-04 05:29:43,549 [INFO] scrapers.hyperpure: hyperpure: https://www.hyperpure.com/in/tea-and-coffee -> 20 products
2026-07-04 05:29:47,145 [INFO] scrapers.hyperpure: hyperpure: https://www.hyperpure.com/in/tomato-onion-potato -> 0 products
2026-07-04 05:29:50,656 [INFO] scrapers.hyperpure: hyperpure: https://www.hyperpure.com/in/urad-rajma-other-dal -> 0 products
2026-07-04 05:29:53,684 [INFO] main: hyperpure: stored 366 products
2026-07-04 05:29:54,826 [INFO] scrapers.bigbasket: bigbasket: https://www.bigbasket.com/pc/fruits-vegetables/fresh-fruits/ -> 73 products
2026-07-04 05:30:05,223 [INFO] scrapers.bigbasket: bigbasket: https://www.bigbasket.com/pc/fruits-vegetables/fresh-vegetables/ -> 131 products
2026-07-04 05:30:11,294 [INFO] scrapers.bigbasket: bigbasket: https://www.bigbasket.com/pc/fruits-vegetables/exotic-fruits-veggies/ -> 80 products
2026-07-04 05:30:16,321 [INFO] scrapers.bigbasket: bigbasket: https://www.bigbasket.com/pc/fruits-vegetables/herbs-seasonings/ -> 92 products
2026-07-04 05:30:20,540 [INFO] scrapers.bigbasket: bigbasket: https://www.bigbasket.com/pc/foodgrains-oil-masala/atta-flours-sooji/ -> 109 products
2026-07-04 05:30:26,431 [INFO] scrapers.bigbasket: bigbasket: https://www.bigbasket.com/pc/foodgrains-oil-masala/dals-pulses/ -> 134 products
2026-07-04 05:30:31,854 [INFO] scrapers.bigbasket: bigbasket: https://www.bigbasket.com/pc/foodgrains-oil-masala/dry-fruits/ -> 115 products
2026-07-04 05:30:36,830 [INFO] scrapers.bigbasket: bigbasket: https://www.bigbasket.com/pc/foodgrains-oil-masala/edible-oils-ghee/ -> 108 products
2026-07-04 05:30:42,627 [INFO] scrapers.bigbasket: bigbasket: https://www.bigbasket.com/pc/foodgrains-oil-masala/rice-rice-products/ -> 156 products
2026-07-04 05:30:51,111 [INFO] scrapers.bigbasket: bigbasket: https://www.bigbasket.com/pc/foodgrains-oil-masala/salt-sugar-jaggery/ -> 107 products
2026-07-04 05:30:55,721 [INFO] scrapers.bigbasket: bigbasket: https://www.bigbasket.com/pc/bakery-cakes-dairy/dairy/ -> 106 products
2026-07-04 05:31:03,384 [INFO] scrapers.bigbasket: bigbasket: https://www.bigbasket.com/pc/beauty-hygiene/health-medicine/ -> 78 products
2026-07-04 05:31:11,568 [INFO] scrapers.bigbasket: bigbasket: https://www.bigbasket.com/pc/kitchen-garden-pets/pet-food-accessories/ -> 95 products
2026-07-04 05:31:14,614 [INFO] main: bigbasket: stored 1384 products
2026-07-04 05:31:22,890 [INFO] scrapers.deliverit: deliverit: discovered 60 product URLs to scrape this run
2026-07-04 05:36:31,921 [INFO] main: deliverit: stored 60 products
2026-07-04 05:36:31,921 [INFO] main: Run complete. Total products upserted: 1810
2026-07-04 05:38:31,518 [INFO] scrapers.hyperpure: hyperpure: https://www.hyperpure.com/in/hyperpure -> 20 products
2026-07-04 05:38:35,722 [INFO] scrapers.hyperpure: hyperpure: https://www.hyperpure.com/in/packaging-material -> 20 products
2026-07-04 05:38:39,574 [INFO] scrapers.hyperpure: hyperpure: https://www.hyperpure.com/in/atta-maida-sooji -> 20 products
2026-07-04 05:38:43,618 [INFO] scrapers.hyperpure: hyperpure: https://www.hyperpure.com/in/butter -> 20 products
2026-07-04 05:38:47,556 [INFO] scrapers.hyperpure: hyperpure: https://www.hyperpure.com/in/cashews1 -> 20 products
2026-07-04 05:38:51,462 [INFO] scrapers.hyperpure: hyperpure: https://www.hyperpure.com/in/cheese -> 20 products
2026-07-04 05:38:55,190 [INFO] scrapers.hyperpure: hyperpure: https://www.hyperpure.com/in/chicken-breast-boneless -> 9 products
2026-07-04 05:38:59,306 [INFO] scrapers.hyperpure: hyperpure: https://www.hyperpure.com/in/corn-flour-besan-others -> 20 products
2026-07-04 05:39:03,223 [INFO] scrapers.hyperpure: hyperpure: https://www.hyperpure.com/in/cream -> 12 products
2026-07-04 05:39:07,507 [INFO] scrapers.hyperpure: hyperpure: https://www.hyperpure.com/in/curd -> 20 products
2026-07-04 05:39:11,515 [INFO] scrapers.hyperpure: hyperpure: https://www.hyperpure.com/in/edible-oils -> 20 products
2026-07-04 05:39:15,413 [INFO] scrapers.hyperpure: hyperpure: https://www.hyperpure.com/in/eggs -> 7 products
2026-07-04 05:39:19,184 [INFO] scrapers.hyperpure: hyperpure: https://www.hyperpure.com/in/ghee -> 20 products
2026-07-04 05:39:23,204 [INFO] scrapers.hyperpure: hyperpure: https://www.hyperpure.com/in/ketchup-puree-pastes -> 20 products
2026-07-04 05:39:27,186 [INFO] scrapers.hyperpure: hyperpure: https://www.hyperpure.com/in/milk-milk-powder -> 18 products
2026-07-04 05:39:31,861 [INFO] scrapers.hyperpure: hyperpure: https://www.hyperpure.com/in/paneer -> 20 products
2026-07-04 05:39:36,183 [INFO] scrapers.hyperpure: hyperpure: https://www.hyperpure.com/in/pasta-noodles -> 20 products
2026-07-04 05:39:40,104 [INFO] scrapers.hyperpure: hyperpure: https://www.hyperpure.com/in/rice-rice-products -> 20 products
2026-07-04 05:39:43,971 [INFO] scrapers.hyperpure: hyperpure: https://www.hyperpure.com/in/salts-sugars -> 20 products
2026-07-04 05:39:47,907 [INFO] scrapers.hyperpure: hyperpure: https://www.hyperpure.com/in/tea-and-coffee -> 20 products
2026-07-04 05:39:51,585 [INFO] scrapers.hyperpure: hyperpure: https://www.hyperpure.com/in/tomato-onion-potato -> 0 products
2026-07-04 05:39:55,233 [INFO] scrapers.hyperpure: hyperpure: https://www.hyperpure.com/in/urad-rajma-other-dal -> 0 products
2026-07-04 05:39:58,262 [INFO] main: hyperpure: stored 366 products
2026-07-04 05:39:59,548 [INFO] scrapers.bigbasket: bigbasket: https://www.bigbasket.com/pc/fruits-vegetables/fresh-fruits/ -> 73 products
2026-07-04 05:40:04,235 [INFO] scrapers.bigbasket: bigbasket: https://www.bigbasket.com/pc/fruits-vegetables/fresh-vegetables/ -> 131 products
2026-07-04 05:40:08,714 [INFO] scrapers.bigbasket: bigbasket: https://www.bigbasket.com/pc/fruits-vegetables/exotic-fruits-veggies/ -> 80 products
2026-07-04 05:40:13,204 [INFO] scrapers.bigbasket: bigbasket: https://www.bigbasket.com/pc/fruits-vegetables/herbs-seasonings/ -> 92 products
2026-07-04 05:40:18,221 [INFO] scrapers.bigbasket: bigbasket: https://www.bigbasket.com/pc/foodgrains-oil-masala/atta-flours-sooji/ -> 109 products
2026-07-04 05:40:23,376 [INFO] scrapers.bigbasket: bigbasket: https://www.bigbasket.com/pc/foodgrains-oil-masala/dals-pulses/ -> 134 products
2026-07-04 05:40:29,065 [INFO] scrapers.bigbasket: bigbasket: https://www.bigbasket.com/pc/foodgrains-oil-masala/dry-fruits/ -> 115 products
2026-07-04 05:40:33,826 [INFO] scrapers.bigbasket: bigbasket: https://www.bigbasket.com/pc/foodgrains-oil-masala/edible-oils-ghee/ -> 108 products
2026-07-04 05:40:39,082 [INFO] scrapers.bigbasket: bigbasket: https://www.bigbasket.com/pc/foodgrains-oil-masala/rice-rice-products/ -> 156 products
2026-07-04 05:40:44,073 [INFO] scrapers.bigbasket: bigbasket: https://www.bigbasket.com/pc/foodgrains-oil-masala/salt-sugar-jaggery/ -> 107 products
2026-07-04 05:40:48,628 [INFO] scrapers.bigbasket: bigbasket: https://www.bigbasket.com/pc/bakery-cakes-dairy/dairy/ -> 106 products
2026-07-04 05:40:53,328 [INFO] scrapers.bigbasket: bigbasket: https://www.bigbasket.com/pc/beauty-hygiene/health-medicine/ -> 78 products
2026-07-04 05:40:57,711 [INFO] scrapers.bigbasket: bigbasket: https://www.bigbasket.com/pc/kitchen-garden-pets/pet-food-accessories/ -> 95 products
2026-07-04 05:41:00,772 [INFO] main: bigbasket: stored 1384 products
2026-07-04 05:41:07,947 [INFO] scrapers.deliverit: deliverit: discovered 60 product URLs to scrape this run
2026-07-04 05:45:51,301 [INFO] main: deliverit: stored 60 products
2026-07-04 05:45:51,302 [INFO] main: Run complete. Total products upserted: 1810
2026-07-04 06:58:56,380 [INFO] scrapers.hyperpure: hyperpure: https://www.hyperpure.com/in/hyperpure -> 20 products
2026-07-04 06:59:00,378 [INFO] scrapers.hyperpure: hyperpure: https://www.hyperpure.com/in/packaging-material -> 20 products
2026-07-04 06:59:04,308 [INFO] scrapers.hyperpure: hyperpure: https://www.hyperpure.com/in/atta-maida-sooji -> 20 products
2026-07-04 06:59:08,217 [INFO] scrapers.hyperpure: hyperpure: https://www.hyperpure.com/in/butter -> 20 products
2026-07-04 07:29:37,116 [INFO] scrapers.hyperpure: hyperpure: https://www.hyperpure.com/in/hyperpure -> 20 products
2026-07-04 07:29:41,381 [INFO] scrapers.hyperpure: hyperpure: https://www.hyperpure.com/in/packaging-material -> 20 products
2026-07-04 07:29:45,850 [INFO] scrapers.hyperpure: hyperpure: https://www.hyperpure.com/in/atta-maida-sooji -> 20 products
2026-07-04 07:29:49,946 [INFO] scrapers.hyperpure: hyperpure: https://www.hyperpure.com/in/butter -> 20 products
2026-07-04 07:29:54,000 [INFO] scrapers.hyperpure: hyperpure: https://www.hyperpure.com/in/cashews1 -> 20 products
2026-07-04 07:29:58,059 [INFO] scrapers.hyperpure: hyperpure: https://www.hyperpure.com/in/cheese -> 20 products
2026-07-04 07:30:02,055 [INFO] scrapers.hyperpure: hyperpure: https://www.hyperpure.com/in/chicken-breast-boneless -> 9 products
2026-07-04 07:30:07,089 [INFO] scrapers.hyperpure: hyperpure: https://www.hyperpure.com/in/corn-flour-besan-others -> 20 products
2026-07-04 07:30:11,696 [INFO] scrapers.hyperpure: hyperpure: https://www.hyperpure.com/in/cream -> 12 products
2026-07-04 07:30:16,173 [INFO] scrapers.hyperpure: hyperpure: https://www.hyperpure.com/in/curd -> 20 products
2026-07-04 07:30:21,267 [INFO] scrapers.hyperpure: hyperpure: https://www.hyperpure.com/in/edible-oils -> 20 products
2026-07-04 07:30:25,161 [INFO] scrapers.hyperpure: hyperpure: https://www.hyperpure.com/in/eggs -> 7 products
2026-07-04 07:30:29,625 [INFO] scrapers.hyperpure: hyperpure: https://www.hyperpure.com/in/ghee -> 20 products
2026-07-04 07:30:33,832 [INFO] scrapers.hyperpure: hyperpure: https://www.hyperpure.com/in/ketchup-puree-pastes -> 20 products
2026-07-04 07:30:38,156 [INFO] scrapers.hyperpure: hyperpure: https://www.hyperpure.com/in/milk-milk-powder -> 18 products
2026-07-04 07:30:42,780 [INFO] scrapers.hyperpure: hyperpure: https://www.hyperpure.com/in/paneer -> 20 products
2026-07-04 07:30:46,880 [INFO] scrapers.hyperpure: hyperpure: https://www.hyperpure.com/in/pasta-noodles -> 20 products
2026-07-04 07:30:50,938 [INFO] scrapers.hyperpure: hyperpure: https://www.hyperpure.com/in/rice-rice-products -> 20 products
2026-07-04 07:30:55,069 [INFO] scrapers.hyperpure: hyperpure: https://www.hyperpure.com/in/salts-sugars -> 20 products
2026-07-04 07:30:59,277 [INFO] scrapers.hyperpure: hyperpure: https://www.hyperpure.com/in/tea-and-coffee -> 20 products
2026-07-04 07:31:03,248 [INFO] scrapers.hyperpure: hyperpure: https://www.hyperpure.com/in/tomato-onion-potato -> 0 products
2026-07-04 07:31:07,713 [INFO] scrapers.hyperpure: hyperpure: https://www.hyperpure.com/in/urad-rajma-other-dal -> 0 products
2026-07-04 07:31:10,739 [INFO] main: hyperpure: stored 366 products
2026-07-04 07:31:13,048 [INFO] scrapers.bigbasket: bigbasket: https://www.bigbasket.com/pc/fruits-vegetables/fresh-fruits/ -> 73 products
2026-07-04 07:31:19,763 [INFO] scrapers.bigbasket: bigbasket: https://www.bigbasket.com/pc/fruits-vegetables/fresh-vegetables/ -> 131 products
2026-07-04 07:31:26,733 [INFO] scrapers.bigbasket: bigbasket: https://www.bigbasket.com/pc/fruits-vegetables/exotic-fruits-veggies/ -> 80 products
2026-07-04 07:31:33,153 [INFO] scrapers.bigbasket: bigbasket: https://www.bigbasket.com/pc/fruits-vegetables/herbs-seasonings/ -> 92 products
2026-07-04 07:31:39,644 [INFO] scrapers.bigbasket: bigbasket: https://www.bigbasket.com/pc/foodgrains-oil-masala/atta-flours-sooji/ -> 109 products
2026-07-04 07:31:49,057 [INFO] scrapers.bigbasket: bigbasket: https://www.bigbasket.com/pc/foodgrains-oil-masala/dals-pulses/ -> 134 products
2026-07-04 07:31:56,028 [INFO] scrapers.bigbasket: bigbasket: https://www.bigbasket.com/pc/foodgrains-oil-masala/dry-fruits/ -> 115 products
2026-07-04 07:32:04,035 [INFO] scrapers.bigbasket: bigbasket: https://www.bigbasket.com/pc/foodgrains-oil-masala/edible-oils-ghee/ -> 108 products
2026-07-04 07:32:10,797 [INFO] scrapers.bigbasket: bigbasket: https://www.bigbasket.com/pc/foodgrains-oil-masala/rice-rice-products/ -> 156 products
2026-07-04 07:32:16,682 [INFO] scrapers.bigbasket: bigbasket: https://www.bigbasket.com/pc/foodgrains-oil-masala/salt-sugar-jaggery/ -> 107 products
2026-07-04 07:32:22,430 [INFO] scrapers.bigbasket: bigbasket: https://www.bigbasket.com/pc/bakery-cakes-dairy/dairy/ -> 106 products
2026-07-04 07:32:28,665 [INFO] scrapers.bigbasket: bigbasket: https://www.bigbasket.com/pc/beauty-hygiene/health-medicine/ -> 78 products
2026-07-04 07:32:34,505 [INFO] scrapers.bigbasket: bigbasket: https://www.bigbasket.com/pc/kitchen-garden-pets/pet-food-accessories/ -> 95 products
2026-07-04 07:32:37,555 [INFO] main: bigbasket: stored 1384 products
2026-07-04 07:32:45,929 [INFO] scrapers.deliverit: deliverit: discovered 60 product URLs to scrape this run
2026-07-04 07:37:40,360 [INFO] main: deliverit: stored 60 products
2026-07-04 07:38:00,237 [INFO] scrapers.lots: lots: foodgrains-oil-masala/dals-pulses- (menuId=130) -> 129 products
2026-07-04 07:38:14,460 [INFO] scrapers.lots: lots: foodgrains-oil-masala/atta-maida-sooji (menuId=128) -> 59 products
2026-07-04 07:38:33,494 [INFO] scrapers.lots: lots: foodgrains-oil-masala/cooking-oil-ghee (menuId=129) -> 102 products
2026-07-04 07:38:54,621 [INFO] scrapers.lots: lots: foodgrains-oil-masala/dry-fruits (menuId=131) -> 111 products
2026-07-04 07:39:13,572 [INFO] scrapers.lots: lots: foodgrains-oil-masala/rice-poha (menuId=133) -> 85 products
2026-07-04 07:39:26,943 [INFO] scrapers.lots: lots: foodgrains-oil-masala/salt-sugar (menuId=134) -> 40 products
2026-07-04 07:39:51,265 [INFO] scrapers.lots: lots: foodgrains-oil-masala/spices-masale- (menuId=135) -> 180 products
2026-07-04 07:40:08,778 [INFO] scrapers.lots: lots: dairy-fresh-frozen/milk-dahi (menuId=124) -> 63 products
2026-07-04 07:40:28,559 [INFO] scrapers.lots: lots: dairy-fresh-frozen/butter-Chesse (menuId=118) -> 96 products
2026-07-04 07:40:44,788 [INFO] scrapers.lots: lots: dairy-fresh-frozen/fruits-vegetables/fruits (menuId=100711) -> 41 products
2026-07-04 07:41:05,838 [INFO] scrapers.lots: lots: dairy-fresh-frozen/fruits-vegetables/vegetables (menuId=100712) -> 109 products
2026-07-04 07:41:31,132 [INFO] scrapers.lots: lots: biscuits-snacks-chocolates/chocolates (menuId=106) -> 165 products
2026-07-04 07:42:09,085 [INFO] scrapers.lots: lots: biscuits-snacks-chocolates/namkeen (menuId=107) -> 178 products
2026-07-04 07:42:35,344 [INFO] scrapers.lots: lots: biscuits-snacks-chocolates/biscuits-cookies (menuId=103) -> 180 products
2026-07-04 07:42:52,354 [INFO] scrapers.lots: lots: tea-coffee-cold-drinks/tea (menuId=170) -> 66 products
2026-07-04 07:43:05,613 [INFO] scrapers.lots: lots: tea-coffee-cold-drinks/coffee-instant-premix (menuId=165) -> 38 products
2026-07-04 07:43:24,090 [INFO] scrapers.lots: lots: instant-packaged-food/noodles (menuId=149) -> 118 products
2026-07-04 07:43:38,123 [INFO] scrapers.lots: lots: instant-packaged-food/pasta (menuId=150) -> 44 products
2026-07-04 07:44:03,109 [INFO] scrapers.lots: lots: sauces-spreads-cooking-essentials/sauces-vinegar (menuId=159) -> 180 products
2026-07-04 07:44:16,569 [INFO] scrapers.lots: lots: sauces-spreads-cooking-essentials/pickles (menuId=158) -> 28 products
2026-07-04 07:44:30,043 [INFO] scrapers.lots: lots: cleaning-laundry/dishwash (menuId=110) -> 40 products
2026-07-04 07:44:48,683 [INFO] scrapers.lots: lots: cleaning-laundry/fabric-care (menuId=111) -> 112 products
2026-07-04 07:45:08,613 [INFO] scrapers.lots: lots: hair-body-care/soaps-body-wash (menuId=141) -> 118 products
2026-07-04 07:45:11,666 [INFO] main: lots: stored 2282 products
2026-07-04 07:45:11,667 [INFO] main: Run complete. Total products upserted: 4092
2026-07-04 10:58:38,552 [INFO] scrapers.hyperpure: hyperpure: https://www.hyperpure.com/in/hyperpure -> 20 products
2026-07-04 10:58:42,568 [INFO] scrapers.hyperpure: hyperpure: https://www.hyperpure.com/in/packaging-material -> 20 products
2026-07-04 10:58:46,538 [INFO] scrapers.hyperpure: hyperpure: https://www.hyperpure.com/in/atta-maida-sooji -> 20 products
2026-07-04 10:58:50,405 [INFO] scrapers.hyperpure: hyperpure: https://www.hyperpure.com/in/butter -> 20 products
2026-07-04 10:58:54,503 [INFO] scrapers.hyperpure: hyperpure: https://www.hyperpure.com/in/cashews1 -> 20 products
2026-07-04 10:58:58,355 [INFO] scrapers.hyperpure: hyperpure: https://www.hyperpure.com/in/cheese -> 20 products
2026-07-04 10:59:02,129 [INFO] scrapers.hyperpure: hyperpure: https://www.hyperpure.com/in/chicken-breast-boneless -> 9 products
2026-07-04 10:59:05,974 [INFO] scrapers.hyperpure: hyperpure: https://www.hyperpure.com/in/corn-flour-besan-others -> 20 products
2026-07-04 10:59:09,792 [INFO] scrapers.hyperpure: hyperpure: https://www.hyperpure.com/in/cream -> 12 products
2026-07-04 10:59:13,806 [INFO] scrapers.hyperpure: hyperpure: https://www.hyperpure.com/in/curd -> 20 products
2026-07-04 10:59:17,735 [INFO] scrapers.hyperpure: hyperpure: https://www.hyperpure.com/in/edible-oils -> 20 products
2026-07-04 10:59:21,466 [INFO] scrapers.hyperpure: hyperpure: https://www.hyperpure.com/in/eggs -> 7 products
2026-07-04 10:59:25,317 [INFO] scrapers.hyperpure: hyperpure: https://www.hyperpure.com/in/ghee -> 20 products
2026-07-04 10:59:29,324 [INFO] scrapers.hyperpure: hyperpure: https://www.hyperpure.com/in/ketchup-puree-pastes -> 20 products
2026-07-04 10:59:33,260 [INFO] scrapers.hyperpure: hyperpure: https://www.hyperpure.com/in/milk-milk-powder -> 18 products
2026-07-04 10:59:37,508 [INFO] scrapers.hyperpure: hyperpure: https://www.hyperpure.com/in/paneer -> 20 products
2026-07-04 10:59:41,351 [INFO] scrapers.hyperpure: hyperpure: https://www.hyperpure.com/in/pasta-noodles -> 20 products
2026-07-04 10:59:45,211 [INFO] scrapers.hyperpure: hyperpure: https://www.hyperpure.com/in/rice-rice-products -> 20 products
2026-07-04 10:59:49,028 [INFO] scrapers.hyperpure: hyperpure: https://www.hyperpure.com/in/salts-sugars -> 20 products
2026-07-04 10:59:52,810 [INFO] scrapers.hyperpure: hyperpure: https://www.hyperpure.com/in/tea-and-coffee -> 20 products
2026-07-04 10:59:57,663 [INFO] scrapers.hyperpure: hyperpure: https://www.hyperpure.com/in/tomato-onion-potato -> 0 products
2026-07-04 11:00:01,246 [INFO] scrapers.hyperpure: hyperpure: https://www.hyperpure.com/in/urad-rajma-other-dal -> 0 products
2026-07-04 11:00:04,271 [INFO] main: hyperpure: stored 366 products
2026-07-04 11:00:05,549 [INFO] scrapers.bigbasket: bigbasket: https://www.bigbasket.com/pc/fruits-vegetables/fresh-fruits/ -> 73 products
2026-07-04 11:00:11,544 [INFO] scrapers.bigbasket: bigbasket: https://www.bigbasket.com/pc/fruits-vegetables/fresh-vegetables/ -> 131 products
2026-07-04 11:00:15,764 [INFO] scrapers.bigbasket: bigbasket: https://www.bigbasket.com/pc/fruits-vegetables/exotic-fruits-veggies/ -> 80 products
2026-07-04 11:00:19,936 [INFO] scrapers.bigbasket: bigbasket: https://www.bigbasket.com/pc/fruits-vegetables/herbs-seasonings/ -> 92 products
2026-07-04 11:00:24,817 [INFO] scrapers.bigbasket: bigbasket: https://www.bigbasket.com/pc/foodgrains-oil-masala/atta-flours-sooji/ -> 109 products
2026-07-04 11:00:29,642 [INFO] scrapers.bigbasket: bigbasket: https://www.bigbasket.com/pc/foodgrains-oil-masala/dals-pulses/ -> 134 products
2026-07-04 11:00:34,378 [INFO] scrapers.bigbasket: bigbasket: https://www.bigbasket.com/pc/foodgrains-oil-masala/dry-fruits/ -> 115 products
2026-07-04 11:00:38,820 [INFO] scrapers.bigbasket: bigbasket: https://www.bigbasket.com/pc/foodgrains-oil-masala/edible-oils-ghee/ -> 108 products
2026-07-04 11:00:44,068 [INFO] scrapers.bigbasket: bigbasket: https://www.bigbasket.com/pc/foodgrains-oil-masala/rice-rice-products/ -> 156 products
2026-07-04 11:00:48,782 [INFO] scrapers.bigbasket: bigbasket: https://www.bigbasket.com/pc/foodgrains-oil-masala/salt-sugar-jaggery/ -> 107 products
2026-07-04 11:00:53,887 [INFO] scrapers.bigbasket: bigbasket: https://www.bigbasket.com/pc/bakery-cakes-dairy/dairy/ -> 106 products
2026-07-04 11:00:58,247 [INFO] scrapers.bigbasket: bigbasket: https://www.bigbasket.com/pc/beauty-hygiene/health-medicine/ -> 78 products
2026-07-04 11:01:02,805 [INFO] scrapers.bigbasket: bigbasket: https://www.bigbasket.com/pc/kitchen-garden-pets/pet-food-accessories/ -> 95 products
2026-07-04 11:01:05,854 [INFO] main: bigbasket: stored 1384 products
2026-07-04 11:01:13,559 [INFO] scrapers.deliverit: deliverit: discovered 60 product URLs to scrape this run
2026-07-04 11:06:15,817 [INFO] main: deliverit: stored 60 products
2026-07-04 11:06:38,682 [INFO] scrapers.lots: lots: foodgrains-oil-masala/dals-pulses- (menuId=130) -> 129 products
2026-07-04 11:06:55,138 [INFO] scrapers.lots: lots: foodgrains-oil-masala/atta-maida-sooji (menuId=128) -> 59 products
2026-07-04 11:07:13,250 [INFO] scrapers.lots: lots: foodgrains-oil-masala/cooking-oil-ghee (menuId=129) -> 102 products
2026-07-04 11:07:31,352 [INFO] scrapers.lots: lots: foodgrains-oil-masala/dry-fruits (menuId=131) -> 111 products
2026-07-04 11:07:49,848 [INFO] scrapers.lots: lots: foodgrains-oil-masala/rice-poha (menuId=133) -> 85 products
2026-07-04 11:08:03,594 [INFO] scrapers.lots: lots: foodgrains-oil-masala/salt-sugar (menuId=134) -> 40 products
2026-07-04 11:08:26,199 [INFO] scrapers.lots: lots: foodgrains-oil-masala/spices-masale- (menuId=135) -> 180 products
2026-07-04 11:08:45,306 [INFO] scrapers.lots: lots: dairy-fresh-frozen/milk-dahi (menuId=124) -> 63 products
2026-07-04 11:09:04,834 [INFO] scrapers.lots: lots: dairy-fresh-frozen/butter-Chesse (menuId=118) -> 96 products
2026-07-04 11:09:17,914 [INFO] scrapers.lots: lots: dairy-fresh-frozen/fruits-vegetables/fruits (menuId=100711) -> 41 products
2026-07-04 11:09:38,325 [INFO] scrapers.lots: lots: dairy-fresh-frozen/fruits-vegetables/vegetables (menuId=100712) -> 109 products
2026-07-04 11:10:07,274 [INFO] scrapers.lots: lots: biscuits-snacks-chocolates/chocolates (menuId=106) -> 165 products
2026-07-04 11:10:29,964 [INFO] scrapers.lots: lots: biscuits-snacks-chocolates/namkeen (menuId=107) -> 175 products
2026-07-04 11:10:52,623 [INFO] scrapers.lots: lots: biscuits-snacks-chocolates/biscuits-cookies (menuId=103) -> 180 products
2026-07-04 11:11:09,863 [INFO] scrapers.lots: lots: tea-coffee-cold-drinks/tea (menuId=170) -> 66 products
2026-07-04 11:11:22,884 [INFO] scrapers.lots: lots: tea-coffee-cold-drinks/coffee-instant-premix (menuId=165) -> 38 products
2026-07-04 11:11:41,408 [INFO] scrapers.lots: lots: instant-packaged-food/noodles (menuId=149) -> 118 products
2026-07-04 11:11:54,761 [INFO] scrapers.lots: lots: instant-packaged-food/pasta (menuId=150) -> 44 products
2026-07-04 11:12:19,813 [INFO] scrapers.lots: lots: sauces-spreads-cooking-essentials/sauces-vinegar (menuId=159) -> 180 products
2026-07-04 11:12:32,888 [INFO] scrapers.lots: lots: sauces-spreads-cooking-essentials/pickles (menuId=158) -> 28 products
2026-07-04 11:12:47,849 [INFO] scrapers.lots: lots: cleaning-laundry/dishwash (menuId=110) -> 40 products
2026-07-04 11:13:05,523 [INFO] scrapers.lots: lots: cleaning-laundry/fabric-care (menuId=111) -> 112 products
2026-07-04 11:13:23,923 [INFO] scrapers.lots: lots: hair-body-care/soaps-body-wash (menuId=141) -> 118 products
2026-07-04 11:13:27,046 [INFO] main: lots: stored 2279 products
2026-07-04 11:13:27,280 [INFO] main: Canonical grouping: 3702 groups across 4089 products
2026-07-04 11:13:27,281 [INFO] main: Run complete. Total products upserted: 4089
2026-07-04 11:20:04,718 [INFO] scrapers.hyperpure: hyperpure: https://www.hyperpure.com/in/hyperpure -> 20 products
2026-07-04 11:20:08,714 [INFO] scrapers.hyperpure: hyperpure: https://www.hyperpure.com/in/packaging-material -> 20 products
2026-07-04 11:20:12,579 [INFO] scrapers.hyperpure: hyperpure: https://www.hyperpure.com/in/atta-maida-sooji -> 20 products
2026-07-04 11:20:16,345 [INFO] scrapers.hyperpure: hyperpure: https://www.hyperpure.com/in/butter -> 20 products
2026-07-04 11:20:20,628 [INFO] scrapers.hyperpure: hyperpure: https://www.hyperpure.com/in/cashews1 -> 20 products
2026-07-04 11:20:25,195 [INFO] scrapers.hyperpure: hyperpure: https://www.hyperpure.com/in/cheese -> 20 products
2026-07-04 11:20:28,867 [INFO] scrapers.hyperpure: hyperpure: https://www.hyperpure.com/in/chicken-breast-boneless -> 9 products
2026-07-04 11:20:32,577 [INFO] scrapers.hyperpure: hyperpure: https://www.hyperpure.com/in/corn-flour-besan-others -> 20 products
2026-07-04 11:20:36,368 [INFO] scrapers.hyperpure: hyperpure: https://www.hyperpure.com/in/cream -> 12 products
2026-07-04 11:20:40,228 [INFO] scrapers.hyperpure: hyperpure: https://www.hyperpure.com/in/curd -> 20 products
2026-07-04 11:20:44,204 [INFO] scrapers.hyperpure: hyperpure: https://www.hyperpure.com/in/edible-oils -> 20 products
2026-07-04 11:20:47,925 [INFO] scrapers.hyperpure: hyperpure: https://www.hyperpure.com/in/eggs -> 7 products
2026-07-04 11:20:51,773 [INFO] scrapers.hyperpure: hyperpure: https://www.hyperpure.com/in/ghee -> 20 products
2026-07-04 11:20:55,525 [INFO] scrapers.hyperpure: hyperpure: https://www.hyperpure.com/in/ketchup-puree-pastes -> 20 products
2026-07-04 11:20:59,251 [INFO] scrapers.hyperpure: hyperpure: https://www.hyperpure.com/in/milk-milk-powder -> 18 products
2026-07-04 11:21:03,116 [INFO] scrapers.hyperpure: hyperpure: https://www.hyperpure.com/in/paneer -> 20 products
2026-07-04 11:21:06,995 [INFO] scrapers.hyperpure: hyperpure: https://www.hyperpure.com/in/pasta-noodles -> 20 products
2026-07-04 11:21:10,890 [INFO] scrapers.hyperpure: hyperpure: https://www.hyperpure.com/in/rice-rice-products -> 20 products
2026-07-04 11:21:14,745 [INFO] scrapers.hyperpure: hyperpure: https://www.hyperpure.com/in/salts-sugars -> 20 products
2026-07-04 11:21:18,566 [INFO] scrapers.hyperpure: hyperpure: https://www.hyperpure.com/in/tea-and-coffee -> 20 products
2026-07-04 11:21:22,976 [INFO] scrapers.hyperpure: hyperpure: https://www.hyperpure.com/in/tomato-onion-potato -> 0 products
2026-07-04 11:21:26,656 [INFO] scrapers.hyperpure: hyperpure: https://www.hyperpure.com/in/urad-rajma-other-dal -> 0 products
2026-07-04 11:21:29,682 [INFO] main: hyperpure: stored 366 products
2026-07-04 11:21:30,821 [INFO] scrapers.bigbasket: bigbasket: https://www.bigbasket.com/pc/fruits-vegetables/fresh-fruits/ -> 73 products
2026-07-04 11:21:36,027 [INFO] scrapers.bigbasket: bigbasket: https://www.bigbasket.com/pc/fruits-vegetables/fresh-vegetables/ -> 131 products
2026-07-04 11:21:40,377 [INFO] scrapers.bigbasket: bigbasket: https://www.bigbasket.com/pc/fruits-vegetables/exotic-fruits-veggies/ -> 80 products
2026-07-04 11:21:44,878 [INFO] scrapers.bigbasket: bigbasket: https://www.bigbasket.com/pc/fruits-vegetables/herbs-seasonings/ -> 92 products
2026-07-04 11:21:49,748 [INFO] scrapers.bigbasket: bigbasket: https://www.bigbasket.com/pc/foodgrains-oil-masala/atta-flours-sooji/ -> 109 products
2026-07-04 11:21:54,238 [INFO] scrapers.bigbasket: bigbasket: https://www.bigbasket.com/pc/foodgrains-oil-masala/dals-pulses/ -> 134 products
2026-07-04 11:21:59,107 [INFO] scrapers.bigbasket: bigbasket: https://www.bigbasket.com/pc/foodgrains-oil-masala/dry-fruits/ -> 115 products
2026-07-04 11:22:03,741 [INFO] scrapers.bigbasket: bigbasket: https://www.bigbasket.com/pc/foodgrains-oil-masala/edible-oils-ghee/ -> 108 products
2026-07-04 11:22:08,534 [INFO] scrapers.bigbasket: bigbasket: https://www.bigbasket.com/pc/foodgrains-oil-masala/rice-rice-products/ -> 156 products
2026-07-04 11:22:13,223 [INFO] scrapers.bigbasket: bigbasket: https://www.bigbasket.com/pc/foodgrains-oil-masala/salt-sugar-jaggery/ -> 107 products
2026-07-04 11:22:18,054 [INFO] scrapers.bigbasket: bigbasket: https://www.bigbasket.com/pc/bakery-cakes-dairy/dairy/ -> 106 products
2026-07-04 11:22:23,419 [INFO] scrapers.bigbasket: bigbasket: https://www.bigbasket.com/pc/beauty-hygiene/health-medicine/ -> 78 products
2026-07-04 11:22:28,350 [INFO] scrapers.bigbasket: bigbasket: https://www.bigbasket.com/pc/kitchen-garden-pets/pet-food-accessories/ -> 95 products
2026-07-04 11:22:31,401 [INFO] main: bigbasket: stored 1384 products
2026-07-04 11:22:39,934 [INFO] scrapers.deliverit: deliverit: discovered 60 product URLs to scrape this run
2026-07-04 11:27:17,729 [INFO] main: deliverit: stored 60 products
2026-07-04 11:27:42,088 [INFO] scrapers.lots: lots: foodgrains-oil-masala/dals-pulses- (menuId=130) -> 129 products
2026-07-04 11:27:58,605 [INFO] scrapers.lots: lots: foodgrains-oil-masala/atta-maida-sooji (menuId=128) -> 59 products
2026-07-04 11:28:17,525 [INFO] scrapers.lots: lots: foodgrains-oil-masala/cooking-oil-ghee (menuId=129) -> 102 products
2026-07-04 11:28:35,582 [INFO] scrapers.lots: lots: foodgrains-oil-masala/dry-fruits (menuId=131) -> 111 products
2026-07-04 11:29:10,539 [INFO] scrapers.lots: lots: foodgrains-oil-masala/rice-poha (menuId=133) -> 85 products
2026-07-04 11:29:23,664 [INFO] scrapers.lots: lots: foodgrains-oil-masala/salt-sugar (menuId=134) -> 40 products
2026-07-04 11:29:48,498 [INFO] scrapers.lots: lots: foodgrains-oil-masala/spices-masale- (menuId=135) -> 180 products
2026-07-04 11:30:08,339 [INFO] scrapers.lots: lots: dairy-fresh-frozen/milk-dahi (menuId=124) -> 63 products
2026-07-04 11:30:26,850 [INFO] scrapers.lots: lots: dairy-fresh-frozen/butter-Chesse (menuId=118) -> 96 products
2026-07-04 11:30:43,315 [INFO] scrapers.lots: lots: dairy-fresh-frozen/fruits-vegetables/fruits (menuId=100711) -> 41 products
2026-07-04 11:31:02,225 [INFO] scrapers.lots: lots: dairy-fresh-frozen/fruits-vegetables/vegetables (menuId=100712) -> 109 products
2026-07-04 11:31:25,331 [INFO] scrapers.lots: lots: biscuits-snacks-chocolates/chocolates (menuId=106) -> 165 products
2026-07-04 11:32:05,559 [INFO] scrapers.lots: lots: biscuits-snacks-chocolates/namkeen (menuId=107) -> 180 products
2026-07-04 11:32:28,988 [INFO] scrapers.lots: lots: biscuits-snacks-chocolates/biscuits-cookies (menuId=103) -> 180 products
2026-07-04 11:38:38,446 [WARNING] scrapers.lots: lots: failed on tea-coffee-cold-drinks/tea: ('Connection broken: IncompleteRead(114259 bytes read, 151288 more expected)', IncompleteRead(114259 bytes read, 151288 more expected))
2026-07-04 11:38:53,102 [INFO] scrapers.lots: lots: tea-coffee-cold-drinks/coffee-instant-premix (menuId=165) -> 38 products
2026-07-04 11:39:13,536 [INFO] scrapers.lots: lots: instant-packaged-food/noodles (menuId=149) -> 118 products
2026-07-04 11:39:26,369 [INFO] scrapers.lots: lots: instant-packaged-food/pasta (menuId=150) -> 44 products
2026-07-04 11:39:51,939 [INFO] scrapers.lots: lots: sauces-spreads-cooking-essentials/sauces-vinegar (menuId=159) -> 180 products
2026-07-04 11:40:04,838 [INFO] scrapers.lots: lots: sauces-spreads-cooking-essentials/pickles (menuId=158) -> 28 products
2026-07-04 11:40:18,457 [INFO] scrapers.lots: lots: cleaning-laundry/dishwash (menuId=110) -> 40 products
2026-07-04 11:40:40,407 [INFO] scrapers.lots: lots: cleaning-laundry/fabric-care (menuId=111) -> 112 products
2026-07-04 11:40:58,494 [INFO] scrapers.lots: lots: hair-body-care/soaps-body-wash (menuId=141) -> 118 products
2026-07-04 11:41:01,676 [INFO] main: lots: stored 2218 products
2026-07-04 11:41:01,905 [INFO] main: Canonical grouping: 3857 groups across 4028 products
2026-07-04 11:41:01,908 [INFO] main: Run complete. Total products upserted: 4028
2026-07-04 22:28:25,667 [INFO] scrapers.hyperpure: hyperpure: https://www.hyperpure.com/in/hyperpure -> 20 products
2026-07-04 22:28:26,681 [INFO] main: hyperpure: stored 20 products
2026-07-04 22:28:28,552 [WARNING] scrapers.bigbasket: bigbasket: set_location(110001) did not verifiably change city (status=404, _bb_cid before=1 after=1) -- continuing with the anonymous default city instead of a silent guess
2026-07-04 22:28:29,916 [INFO] scrapers.bigbasket: bigbasket[110001]: https://www.bigbasket.com/pc/fruits-vegetables/fresh-fruits/ -> 73 products
2026-07-04 22:28:32,216 [WARNING] scrapers.bigbasket: bigbasket: set_location(560001) did not verifiably change city (status=404, _bb_cid before=1 after=1) -- continuing with the anonymous default city instead of a silent guess
2026-07-04 22:28:33,307 [INFO] scrapers.bigbasket: bigbasket[560001]: https://www.bigbasket.com/pc/fruits-vegetables/fresh-fruits/ -> 73 products
2026-07-04 22:28:34,321 [INFO] main: bigbasket: stored 73 products
2026-07-04 22:28:36,176 [INFO] scrapers.deliverit: deliverit: discovered 3 product URLs to scrape this run
2026-07-04 22:28:42,598 [INFO] main: deliverit: stored 3 products
2026-07-04 22:28:43,080 [WARNING] scrapers.lots: lots: store locator returned 404 for pincode 110001 -- no public pincode->store lookup is confirmed to exist for this site (see scrapers/lots.py docstring); falling back to default store 101
2026-07-04 22:28:49,124 [INFO] scrapers.lots: lots[110001]: foodgrains-oil-masala/dals-pulses- (menuId=130, storeCode=101) -> 60 products
2026-07-04 22:28:51,183 [WARNING] scrapers.lots: lots: store locator returned 404 for pincode 560001 -- no public pincode->store lookup is confirmed to exist for this site (see scrapers/lots.py docstring); falling back to default store 101
2026-07-04 22:28:59,638 [INFO] scrapers.lots: lots[560001]: foodgrains-oil-masala/dals-pulses- (menuId=130, storeCode=101) -> 60 products
2026-07-04 22:29:00,671 [INFO] main: lots: stored 120 products
2026-07-04 22:29:01,090 [INFO] main: Canonical grouping: 3857 groups across 216 products
2026-07-04 22:29:01,094 [INFO] main: Run complete. Total products upserted: 216
2026-07-04 22:50:00,207 [WARNING] scrapers.hyperpure: hyperpure: failed on https://www.hyperpure.com/in/hyperpure: HTTPSConnectionPool(host='www.hyperpure.com', port=443): Max retries exceeded with url: /in/hyperpure (Caused by NameResolutionError("HTTPSConnection(host='www.hyperpure.com', port=443): Failed to resolve 'www.hyperpure.com' ([Errno 11001] getaddrinfo failed)"))
2026-07-04 22:50:04,545 [INFO] scrapers.hyperpure: hyperpure: https://www.hyperpure.com/in/packaging-material -> 20 products
2026-07-04 22:50:08,047 [INFO] scrapers.hyperpure: hyperpure: https://www.hyperpure.com/in/atta-maida-sooji -> 20 products
2026-07-04 22:50:11,530 [INFO] scrapers.hyperpure: hyperpure: https://www.hyperpure.com/in/butter -> 20 products
2026-07-04 22:50:14,957 [INFO] scrapers.hyperpure: hyperpure: https://www.hyperpure.com/in/cashews1 -> 20 products
2026-07-04 22:50:18,492 [INFO] scrapers.hyperpure: hyperpure: https://www.hyperpure.com/in/cheese -> 20 products
2026-07-04 22:50:21,994 [INFO] scrapers.hyperpure: hyperpure: https://www.hyperpure.com/in/chicken-breast-boneless -> 9 products
2026-07-04 22:50:25,433 [INFO] scrapers.hyperpure: hyperpure: https://www.hyperpure.com/in/corn-flour-besan-others -> 20 products
2026-07-04 22:50:28,913 [INFO] scrapers.hyperpure: hyperpure: https://www.hyperpure.com/in/cream -> 12 products
2026-07-04 22:50:32,342 [INFO] scrapers.hyperpure: hyperpure: https://www.hyperpure.com/in/curd -> 20 products
2026-07-04 22:50:35,840 [INFO] scrapers.hyperpure: hyperpure: https://www.hyperpure.com/in/edible-oils -> 20 products
2026-07-04 22:50:39,202 [INFO] scrapers.hyperpure: hyperpure: https://www.hyperpure.com/in/eggs -> 7 products
2026-07-04 22:50:42,675 [INFO] scrapers.hyperpure: hyperpure: https://www.hyperpure.com/in/ghee -> 20 products
2026-07-04 22:50:46,119 [INFO] scrapers.hyperpure: hyperpure: https://www.hyperpure.com/in/ketchup-puree-pastes -> 20 products
2026-07-04 22:50:49,586 [INFO] scrapers.hyperpure: hyperpure: https://www.hyperpure.com/in/milk-milk-powder -> 18 products
2026-07-04 22:50:53,026 [INFO] scrapers.hyperpure: hyperpure: https://www.hyperpure.com/in/paneer -> 20 products
2026-07-04 22:50:56,500 [INFO] scrapers.hyperpure: hyperpure: https://www.hyperpure.com/in/pasta-noodles -> 20 products
2026-07-04 22:51:00,145 [INFO] scrapers.hyperpure: hyperpure: https://www.hyperpure.com/in/rice-rice-products -> 20 products
2026-07-04 22:51:03,647 [INFO] scrapers.hyperpure: hyperpure: https://www.hyperpure.com/in/salts-sugars -> 20 products
2026-07-04 22:51:07,217 [INFO] scrapers.hyperpure: hyperpure: https://www.hyperpure.com/in/tea-and-coffee -> 20 products
2026-07-04 22:51:10,451 [INFO] scrapers.hyperpure: hyperpure: https://www.hyperpure.com/in/tomato-onion-potato -> 0 products
2026-07-04 22:51:13,772 [INFO] scrapers.hyperpure: hyperpure: https://www.hyperpure.com/in/urad-rajma-other-dal -> 0 products
2026-07-04 22:51:16,830 [INFO] main: hyperpure: stored 346 products
2026-07-04 22:51:18,666 [WARNING] scrapers.bigbasket: bigbasket: set_location(110001) did not verifiably change city (status=404, _bb_cid before=1 after=1) -- continuing with the anonymous default city instead of a silent guess
2026-07-04 22:51:20,419 [INFO] scrapers.bigbasket: bigbasket[110001]: https://www.bigbasket.com/pc/fruits-vegetables/fresh-fruits/ -> 73 products
2026-07-04 22:51:43,435 [WARNING] scrapers.bigbasket: bigbasket[110001]: failed on https://www.bigbasket.com/pc/fruits-vegetables/fresh-vegetables/: HTTPSConnectionPool(host='www.bigbasket.com', port=443): Read timed out. (read timeout=20)
2026-07-04 22:51:48,567 [INFO] scrapers.bigbasket: bigbasket[110001]: https://www.bigbasket.com/pc/fruits-vegetables/exotic-fruits-veggies/ -> 80 products
2026-07-04 22:51:52,637 [INFO] scrapers.bigbasket: bigbasket[110001]: https://www.bigbasket.com/pc/fruits-vegetables/herbs-seasonings/ -> 105 products
2026-07-04 22:51:57,293 [INFO] scrapers.bigbasket: bigbasket[110001]: https://www.bigbasket.com/pc/foodgrains-oil-masala/atta-flours-sooji/ -> 109 products
2026-07-04 22:52:01,844 [INFO] scrapers.bigbasket: bigbasket[110001]: https://www.bigbasket.com/pc/foodgrains-oil-masala/dals-pulses/ -> 134 products
2026-07-04 22:52:06,657 [INFO] scrapers.bigbasket: bigbasket[110001]: https://www.bigbasket.com/pc/foodgrains-oil-masala/dry-fruits/ -> 115 products
2026-07-04 22:52:11,907 [INFO] scrapers.bigbasket: bigbasket[110001]: https://www.bigbasket.com/pc/foodgrains-oil-masala/edible-oils-ghee/ -> 108 products
2026-07-04 22:52:16,247 [INFO] scrapers.bigbasket: bigbasket[110001]: https://www.bigbasket.com/pc/foodgrains-oil-masala/rice-rice-products/ -> 156 products
2026-07-04 22:52:20,812 [INFO] scrapers.bigbasket: bigbasket[110001]: https://www.bigbasket.com/pc/foodgrains-oil-masala/salt-sugar-jaggery/ -> 107 products
2026-07-04 22:52:25,687 [INFO] scrapers.bigbasket: bigbasket[110001]: https://www.bigbasket.com/pc/bakery-cakes-dairy/dairy/ -> 106 products
2026-07-04 22:52:30,737 [INFO] scrapers.bigbasket: bigbasket[110001]: https://www.bigbasket.com/pc/beauty-hygiene/health-medicine/ -> 78 products
2026-07-04 22:52:35,209 [INFO] scrapers.bigbasket: bigbasket[110001]: https://www.bigbasket.com/pc/kitchen-garden-pets/pet-food-accessories/ -> 95 products
2026-07-04 22:52:40,097 [WARNING] scrapers.bigbasket: bigbasket: set_location(560001) did not verifiably change city (status=404, _bb_cid before=1 after=1) -- continuing with the anonymous default city instead of a silent guess
2026-07-04 22:52:42,404 [INFO] scrapers.bigbasket: bigbasket[560001]: https://www.bigbasket.com/pc/fruits-vegetables/fresh-fruits/ -> 73 products
2026-07-04 22:52:46,519 [INFO] scrapers.bigbasket: bigbasket[560001]: https://www.bigbasket.com/pc/fruits-vegetables/fresh-vegetables/ -> 131 products
2026-07-04 22:52:51,022 [INFO] scrapers.bigbasket: bigbasket[560001]: https://www.bigbasket.com/pc/fruits-vegetables/exotic-fruits-veggies/ -> 80 products
2026-07-04 22:52:54,929 [INFO] scrapers.bigbasket: bigbasket[560001]: https://www.bigbasket.com/pc/fruits-vegetables/herbs-seasonings/ -> 92 products
2026-07-04 22:52:59,602 [INFO] scrapers.bigbasket: bigbasket[560001]: https://www.bigbasket.com/pc/foodgrains-oil-masala/atta-flours-sooji/ -> 109 products
2026-07-04 22:53:04,041 [INFO] scrapers.bigbasket: bigbasket[560001]: https://www.bigbasket.com/pc/foodgrains-oil-masala/dals-pulses/ -> 134 products
2026-07-04 22:53:08,543 [INFO] scrapers.bigbasket: bigbasket[560001]: https://www.bigbasket.com/pc/foodgrains-oil-masala/dry-fruits/ -> 115 products
2026-07-04 22:53:12,437 [INFO] scrapers.bigbasket: bigbasket[560001]: https://www.bigbasket.com/pc/foodgrains-oil-masala/edible-oils-ghee/ -> 108 products
2026-07-04 22:53:17,433 [INFO] scrapers.bigbasket: bigbasket[560001]: https://www.bigbasket.com/pc/foodgrains-oil-masala/rice-rice-products/ -> 156 products
2026-07-04 22:53:22,619 [INFO] scrapers.bigbasket: bigbasket[560001]: https://www.bigbasket.com/pc/foodgrains-oil-masala/salt-sugar-jaggery/ -> 107 products
2026-07-04 22:53:26,652 [INFO] scrapers.bigbasket: bigbasket[560001]: https://www.bigbasket.com/pc/bakery-cakes-dairy/dairy/ -> 106 products
2026-07-04 22:53:30,763 [INFO] scrapers.bigbasket: bigbasket[560001]: https://www.bigbasket.com/pc/beauty-hygiene/health-medicine/ -> 78 products
2026-07-04 22:53:35,082 [INFO] scrapers.bigbasket: bigbasket[560001]: https://www.bigbasket.com/pc/kitchen-garden-pets/pet-food-accessories/ -> 95 products
2026-07-04 22:53:40,048 [WARNING] scrapers.bigbasket: bigbasket: set_location(400001) did not verifiably change city (status=404, _bb_cid before=1 after=1) -- continuing with the anonymous default city instead of a silent guess
2026-07-04 22:53:42,017 [INFO] scrapers.bigbasket: bigbasket[400001]: https://www.bigbasket.com/pc/fruits-vegetables/fresh-fruits/ -> 73 products
2026-07-04 22:53:45,829 [INFO] scrapers.bigbasket: bigbasket[400001]: https://www.bigbasket.com/pc/fruits-vegetables/fresh-vegetables/ -> 131 products
2026-07-04 22:53:49,582 [INFO] scrapers.bigbasket: bigbasket[400001]: https://www.bigbasket.com/pc/fruits-vegetables/exotic-fruits-veggies/ -> 80 products
2026-07-04 22:53:53,847 [INFO] scrapers.bigbasket: bigbasket[400001]: https://www.bigbasket.com/pc/fruits-vegetables/herbs-seasonings/ -> 92 products
2026-07-04 22:53:58,443 [INFO] scrapers.bigbasket: bigbasket[400001]: https://www.bigbasket.com/pc/foodgrains-oil-masala/atta-flours-sooji/ -> 109 products
2026-07-04 22:54:03,517 [INFO] scrapers.bigbasket: bigbasket[400001]: https://www.bigbasket.com/pc/foodgrains-oil-masala/dals-pulses/ -> 134 products
2026-07-04 22:54:07,641 [INFO] scrapers.bigbasket: bigbasket[400001]: https://www.bigbasket.com/pc/foodgrains-oil-masala/dry-fruits/ -> 115 products
2026-07-04 22:54:11,700 [INFO] scrapers.bigbasket: bigbasket[400001]: https://www.bigbasket.com/pc/foodgrains-oil-masala/edible-oils-ghee/ -> 108 products
2026-07-04 22:54:16,607 [INFO] scrapers.bigbasket: bigbasket[400001]: https://www.bigbasket.com/pc/foodgrains-oil-masala/rice-rice-products/ -> 156 products
2026-07-04 22:54:21,227 [INFO] scrapers.bigbasket: bigbasket[400001]: https://www.bigbasket.com/pc/foodgrains-oil-masala/salt-sugar-jaggery/ -> 107 products
2026-07-04 22:54:25,503 [INFO] scrapers.bigbasket: bigbasket[400001]: https://www.bigbasket.com/pc/bakery-cakes-dairy/dairy/ -> 106 products
2026-07-04 22:54:29,604 [INFO] scrapers.bigbasket: bigbasket[400001]: https://www.bigbasket.com/pc/beauty-hygiene/health-medicine/ -> 78 products
2026-07-04 22:54:33,646 [INFO] scrapers.bigbasket: bigbasket[400001]: https://www.bigbasket.com/pc/kitchen-garden-pets/pet-food-accessories/ -> 95 products
2026-07-04 22:54:36,809 [INFO] main: bigbasket: stored 1384 products
2026-07-04 22:54:36,871 [WARNING] scrapers.deliverit: deliverit: failed to fetch sitemap page 1: HTTPSConnectionPool(host='www.deliverit.net.in', port=443): Max retries exceeded with url: /sitemap-products.xml?page=1 (Caused by NameResolutionError("HTTPSConnection(host='www.deliverit.net.in', port=443): Failed to resolve 'www.deliverit.net.in' ([Errno 11001] getaddrinfo failed)"))
2026-07-04 22:54:36,871 [INFO] scrapers.deliverit: deliverit: discovered 0 product URLs to scrape this run
2026-07-04 22:54:36,886 [INFO] main: deliverit: stored 0 products
2026-07-04 22:54:36,948 [WARNING] scrapers.lots: lots: store locator request failed for 110001: HTTPSConnectionPool(host='api.lotswholesale.com', port=443): Max retries exceeded with url: /next-product/public/api/store/by-pincode?pincode=110001 (Caused by NameResolutionError("HTTPSConnection(host='api.lotswholesale.com', port=443): Failed to resolve 'api.lotswholesale.com' ([Errno 11001] getaddrinfo failed)"))
2026-07-04 22:55:01,966 [INFO] scrapers.lots: lots[110001]: foodgrains-oil-masala/dals-pulses- (menuId=130, storeCode=101) -> 129 products
2026-07-04 22:55:14,480 [INFO] scrapers.lots: lots[110001]: foodgrains-oil-masala/atta-maida-sooji (menuId=128, storeCode=101) -> 59 products
2026-07-04 22:55:31,664 [INFO] scrapers.lots: lots[110001]: foodgrains-oil-masala/cooking-oil-ghee (menuId=129, storeCode=101) -> 102 products
2026-07-04 22:55:48,518 [INFO] scrapers.lots: lots[110001]: foodgrains-oil-masala/dry-fruits (menuId=131, storeCode=101) -> 111 products
2026-07-04 22:56:05,913 [INFO] scrapers.lots: lots[110001]: foodgrains-oil-masala/rice-poha (menuId=133, storeCode=101) -> 85 products
2026-07-04 22:56:17,729 [INFO] scrapers.lots: lots[110001]: foodgrains-oil-masala/salt-sugar (menuId=134, storeCode=101) -> 40 products
2026-07-04 22:56:37,613 [INFO] scrapers.lots: lots[110001]: foodgrains-oil-masala/spices-masale- (menuId=135, storeCode=101) -> 180 products
2026-07-04 22:57:08,662 [INFO] scrapers.lots: lots[110001]: dairy-fresh-frozen/milk-dahi (menuId=124, storeCode=101) -> 63 products
2026-07-04 22:57:25,825 [INFO] scrapers.lots: lots[110001]: dairy-fresh-frozen/butter-Chesse (menuId=118, storeCode=101) -> 96 products
2026-07-04 22:57:52,462 [INFO] scrapers.lots: lots[110001]: dairy-fresh-frozen/fruits-vegetables/fruits (menuId=100711, storeCode=101) -> 41 products
2026-07-04 22:58:10,597 [INFO] scrapers.lots: lots[110001]: dairy-fresh-frozen/fruits-vegetables/vegetables (menuId=100712, storeCode=101) -> 109 products
2026-07-04 22:58:29,879 [INFO] scrapers.lots: lots[110001]: biscuits-snacks-chocolates/chocolates (menuId=106, storeCode=101) -> 165 products
2026-07-04 22:58:49,257 [INFO] scrapers.lots: lots[110001]: biscuits-snacks-chocolates/namkeen (menuId=107, storeCode=101) -> 180 products
2026-07-04 22:59:08,502 [INFO] scrapers.lots: lots[110001]: biscuits-snacks-chocolates/biscuits-cookies (menuId=103, storeCode=101) -> 180 products
2026-07-04 22:59:23,470 [INFO] scrapers.lots: lots[110001]: tea-coffee-cold-drinks/tea (menuId=170, storeCode=101) -> 66 products
2026-07-04 22:59:34,809 [INFO] scrapers.lots: lots[110001]: tea-coffee-cold-drinks/coffee-instant-premix (menuId=165, storeCode=101) -> 38 products
2026-07-04 23:00:07,856 [INFO] scrapers.lots: lots[110001]: instant-packaged-food/noodles (menuId=149, storeCode=101) -> 118 products
2026-07-04 23:00:19,526 [INFO] scrapers.lots: lots[110001]: instant-packaged-food/pasta (menuId=150, storeCode=101) -> 44 products
2026-07-04 23:00:55,878 [INFO] scrapers.lots: lots[110001]: sauces-spreads-cooking-essentials/sauces-vinegar (menuId=159, storeCode=101) -> 180 products
2026-07-04 23:01:07,057 [INFO] scrapers.lots: lots[110001]: sauces-spreads-cooking-essentials/pickles (menuId=158, storeCode=101) -> 28 products
2026-07-04 23:01:18,547 [INFO] scrapers.lots: lots[110001]: cleaning-laundry/dishwash (menuId=110, storeCode=101) -> 40 products
2026-07-04 23:01:34,805 [INFO] scrapers.lots: lots[110001]: cleaning-laundry/fabric-care (menuId=111, storeCode=101) -> 112 products
2026-07-04 23:02:05,687 [INFO] scrapers.lots: lots[110001]: hair-body-care/soaps-body-wash (menuId=141, storeCode=101) -> 118 products
2026-07-04 23:02:09,972 [WARNING] scrapers.lots: lots: store locator returned 404 for pincode 560001 -- no public pincode->store lookup is confirmed to exist for this site (see scrapers/lots.py docstring); falling back to default store 101
2026-07-04 23:02:45,931 [INFO] scrapers.lots: lots[560001]: foodgrains-oil-masala/dals-pulses- (menuId=130, storeCode=101) -> 129 products
2026-07-04 23:02:58,055 [INFO] scrapers.lots: lots[560001]: foodgrains-oil-masala/atta-maida-sooji (menuId=128, storeCode=101) -> 59 products
2026-07-04 23:03:14,919 [INFO] scrapers.lots: lots[560001]: foodgrains-oil-masala/cooking-oil-ghee (menuId=129, storeCode=101) -> 102 products
2026-07-04 23:03:32,105 [INFO] scrapers.lots: lots[560001]: foodgrains-oil-masala/dry-fruits (menuId=131, storeCode=101) -> 111 products
2026-07-04 23:03:47,578 [INFO] scrapers.lots: lots[560001]: foodgrains-oil-masala/rice-poha (menuId=133, storeCode=101) -> 85 products
2026-07-04 23:04:14,414 [INFO] scrapers.lots: lots[560001]: foodgrains-oil-masala/salt-sugar (menuId=134, storeCode=101) -> 40 products
2026-07-04 23:04:34,129 [INFO] scrapers.lots: lots[560001]: foodgrains-oil-masala/spices-masale- (menuId=135, storeCode=101) -> 180 products
2026-07-04 23:04:49,305 [INFO] scrapers.lots: lots[560001]: dairy-fresh-frozen/milk-dahi (menuId=124, storeCode=101) -> 63 products
2026-07-04 23:05:06,396 [INFO] scrapers.lots: lots[560001]: dairy-fresh-frozen/butter-Chesse (menuId=118, storeCode=101) -> 96 products
2026-07-04 23:05:18,105 [INFO] scrapers.lots: lots[560001]: dairy-fresh-frozen/fruits-vegetables/fruits (menuId=100711, storeCode=101) -> 41 products
2026-07-04 23:05:48,588 [INFO] scrapers.lots: lots[560001]: dairy-fresh-frozen/fruits-vegetables/vegetables (menuId=100712, storeCode=101) -> 109 products
2026-07-04 23:06:07,660 [INFO] scrapers.lots: lots[560001]: biscuits-snacks-chocolates/chocolates (menuId=106, storeCode=101) -> 165 products
2026-07-04 23:06:27,642 [INFO] scrapers.lots: lots[560001]: biscuits-snacks-chocolates/namkeen (menuId=107, storeCode=101) -> 180 products
2026-07-04 23:06:50,047 [INFO] scrapers.lots: lots[560001]: biscuits-snacks-chocolates/biscuits-cookies (menuId=103, storeCode=101) -> 180 products
2026-07-04 23:07:07,071 [INFO] scrapers.lots: lots[560001]: tea-coffee-cold-drinks/tea (menuId=170, storeCode=101) -> 66 products
2026-07-04 23:07:18,766 [INFO] scrapers.lots: lots[560001]: tea-coffee-cold-drinks/coffee-instant-premix (menuId=165, storeCode=101) -> 38 products
2026-07-04 23:07:34,350 [INFO] scrapers.lots: lots[560001]: instant-packaged-food/noodles (menuId=149, storeCode=101) -> 118 products
2026-07-04 23:07:46,010 [INFO] scrapers.lots: lots[560001]: instant-packaged-food/pasta (menuId=150, storeCode=101) -> 44 products
2026-07-04 23:08:07,960 [INFO] scrapers.lots: lots[560001]: sauces-spreads-cooking-essentials/sauces-vinegar (menuId=159, storeCode=101) -> 180 products
2026-07-04 23:08:22,312 [INFO] scrapers.lots: lots[560001]: sauces-spreads-cooking-essentials/pickles (menuId=158, storeCode=101) -> 28 products
2026-07-04 23:08:35,120 [INFO] scrapers.lots: lots[560001]: cleaning-laundry/dishwash (menuId=110, storeCode=101) -> 40 products
2026-07-04 23:08:50,491 [INFO] scrapers.lots: lots[560001]: cleaning-laundry/fabric-care (menuId=111, storeCode=101) -> 112 products
2026-07-04 23:09:07,035 [INFO] scrapers.lots: lots[560001]: hair-body-care/soaps-body-wash (menuId=141, storeCode=101) -> 118 products
2026-07-04 23:09:10,572 [INFO] main: lots: stored 4568 products
2026-07-04 23:09:11,341 [INFO] main: Canonical grouping: 3894 groups across 6298 products
2026-07-04 23:09:11,344 [INFO] main: Run complete. Total products upserted: 6298
2026-07-04 23:42:57,229 [INFO] scrapers.hyperpure: hyperpure: https://www.hyperpure.com/in/hyperpure -> 20 products
2026-07-04 23:43:01,032 [INFO] scrapers.hyperpure: hyperpure: https://www.hyperpure.com/in/packaging-material -> 20 products
2026-07-04 23:43:04,443 [INFO] scrapers.hyperpure: hyperpure: https://www.hyperpure.com/in/atta-maida-sooji -> 20 products
2026-07-04 23:43:07,871 [INFO] scrapers.hyperpure: hyperpure: https://www.hyperpure.com/in/butter -> 20 products
2026-07-04 23:43:11,303 [INFO] scrapers.hyperpure: hyperpure: https://www.hyperpure.com/in/cashews1 -> 20 products
2026-07-04 23:43:14,729 [INFO] scrapers.hyperpure: hyperpure: https://www.hyperpure.com/in/cheese -> 20 products
2026-07-04 23:43:18,080 [INFO] scrapers.hyperpure: hyperpure: https://www.hyperpure.com/in/chicken-breast-boneless -> 9 products
2026-07-04 23:43:21,493 [INFO] scrapers.hyperpure: hyperpure: https://www.hyperpure.com/in/corn-flour-besan-others -> 20 products
2026-07-04 23:43:24,918 [INFO] scrapers.hyperpure: hyperpure: https://www.hyperpure.com/in/cream -> 12 products
2026-07-04 23:43:28,315 [INFO] scrapers.hyperpure: hyperpure: https://www.hyperpure.com/in/curd -> 20 products
2026-07-04 23:43:31,717 [INFO] scrapers.hyperpure: hyperpure: https://www.hyperpure.com/in/edible-oils -> 20 products
2026-07-04 23:43:35,044 [INFO] scrapers.hyperpure: hyperpure: https://www.hyperpure.com/in/eggs -> 7 products
2026-07-04 23:43:38,450 [INFO] scrapers.hyperpure: hyperpure: https://www.hyperpure.com/in/ghee -> 20 products
2026-07-04 23:43:41,872 [INFO] scrapers.hyperpure: hyperpure: https://www.hyperpure.com/in/ketchup-puree-pastes -> 20 products
2026-07-04 23:43:45,241 [INFO] scrapers.hyperpure: hyperpure: https://www.hyperpure.com/in/milk-milk-powder -> 18 products
2026-07-04 23:43:48,691 [INFO] scrapers.hyperpure: hyperpure: https://www.hyperpure.com/in/paneer -> 20 products
2026-07-04 23:43:52,108 [INFO] scrapers.hyperpure: hyperpure: https://www.hyperpure.com/in/pasta-noodles -> 20 products
2026-07-04 23:43:55,677 [INFO] scrapers.hyperpure: hyperpure: https://www.hyperpure.com/in/rice-rice-products -> 20 products
2026-07-04 23:43:59,113 [INFO] scrapers.hyperpure: hyperpure: https://www.hyperpure.com/in/salts-sugars -> 20 products
2026-07-04 23:44:02,612 [INFO] scrapers.hyperpure: hyperpure: https://www.hyperpure.com/in/tea-and-coffee -> 20 products
2026-07-04 23:44:05,823 [INFO] scrapers.hyperpure: hyperpure: https://www.hyperpure.com/in/tomato-onion-potato -> 0 products
2026-07-04 23:44:08,999 [INFO] scrapers.hyperpure: hyperpure: https://www.hyperpure.com/in/urad-rajma-other-dal -> 0 products
2026-07-04 23:44:12,027 [INFO] main: hyperpure: stored 366 products
2026-07-04 23:44:13,136 [WARNING] scrapers.bigbasket: bigbasket: set_location(110001) did not verifiably change city (status=404, _bb_cid before=1 after=1) -- continuing with the anonymous default city instead of a silent guess
2026-07-04 23:44:14,554 [INFO] scrapers.bigbasket: bigbasket[110001]: https://www.bigbasket.com/pc/fruits-vegetables/fresh-fruits/ -> 73 products
2026-07-04 23:44:18,323 [INFO] scrapers.bigbasket: bigbasket[110001]: https://www.bigbasket.com/pc/fruits-vegetables/fresh-vegetables/ -> 131 products
2026-07-04 23:44:21,961 [INFO] scrapers.bigbasket: bigbasket[110001]: https://www.bigbasket.com/pc/fruits-vegetables/exotic-fruits-veggies/ -> 80 products
2026-07-04 23:44:25,910 [INFO] scrapers.bigbasket: bigbasket[110001]: https://www.bigbasket.com/pc/fruits-vegetables/herbs-seasonings/ -> 92 products
2026-07-04 23:44:29,942 [INFO] scrapers.bigbasket: bigbasket[110001]: https://www.bigbasket.com/pc/foodgrains-oil-masala/atta-flours-sooji/ -> 109 products
2026-07-04 23:44:34,229 [INFO] scrapers.bigbasket: bigbasket[110001]: https://www.bigbasket.com/pc/foodgrains-oil-masala/dals-pulses/ -> 134 products
2026-07-04 23:44:38,384 [INFO] scrapers.bigbasket: bigbasket[110001]: https://www.bigbasket.com/pc/foodgrains-oil-masala/dry-fruits/ -> 115 products
2026-07-04 23:44:42,783 [INFO] scrapers.bigbasket: bigbasket[110001]: https://www.bigbasket.com/pc/foodgrains-oil-masala/edible-oils-ghee/ -> 108 products
2026-07-04 23:44:46,856 [INFO] scrapers.bigbasket: bigbasket[110001]: https://www.bigbasket.com/pc/foodgrains-oil-masala/rice-rice-products/ -> 156 products
2026-07-04 23:44:51,068 [INFO] scrapers.bigbasket: bigbasket[110001]: https://www.bigbasket.com/pc/foodgrains-oil-masala/salt-sugar-jaggery/ -> 107 products
2026-07-04 23:44:55,173 [INFO] scrapers.bigbasket: bigbasket[110001]: https://www.bigbasket.com/pc/bakery-cakes-dairy/dairy/ -> 106 products
2026-07-04 23:44:59,367 [INFO] scrapers.bigbasket: bigbasket[110001]: https://www.bigbasket.com/pc/beauty-hygiene/health-medicine/ -> 78 products
2026-07-04 23:45:03,314 [INFO] scrapers.bigbasket: bigbasket[110001]: https://www.bigbasket.com/pc/kitchen-garden-pets/pet-food-accessories/ -> 95 products
2026-07-04 23:45:07,365 [WARNING] scrapers.bigbasket: bigbasket: set_location(560001) did not verifiably change city (status=404, _bb_cid before=1 after=1) -- continuing with the anonymous default city instead of a silent guess
2026-07-04 23:45:08,721 [INFO] scrapers.bigbasket: bigbasket[560001]: https://www.bigbasket.com/pc/fruits-vegetables/fresh-fruits/ -> 73 products
2026-07-04 23:45:12,700 [INFO] scrapers.bigbasket: bigbasket[560001]: https://www.bigbasket.com/pc/fruits-vegetables/fresh-vegetables/ -> 131 products
2026-07-04 23:45:16,335 [INFO] scrapers.bigbasket: bigbasket[560001]: https://www.bigbasket.com/pc/fruits-vegetables/exotic-fruits-veggies/ -> 80 products
2026-07-04 23:45:20,138 [INFO] scrapers.bigbasket: bigbasket[560001]: https://www.bigbasket.com/pc/fruits-vegetables/herbs-seasonings/ -> 92 products
2026-07-04 23:45:24,140 [INFO] scrapers.bigbasket: bigbasket[560001]: https://www.bigbasket.com/pc/foodgrains-oil-masala/atta-flours-sooji/ -> 109 products
2026-07-04 23:45:28,301 [INFO] scrapers.bigbasket: bigbasket[560001]: https://www.bigbasket.com/pc/foodgrains-oil-masala/dals-pulses/ -> 134 products
2026-07-04 23:45:32,363 [INFO] scrapers.bigbasket: bigbasket[560001]: https://www.bigbasket.com/pc/foodgrains-oil-masala/dry-fruits/ -> 115 products
2026-07-04 23:45:45,296 [ERROR] main: hyperpure: run failed
Traceback (most recent call last):
  File "C:\Users\hi\Documents\product-scraper\main.py", line 36, in run_all
    products = scrape_fn()
               ^^^^^^^^^^^
  File "<string>", line 6, in broken_scrape
RuntimeError: simulated total scraper crash
2026-07-04 23:45:45,311 [INFO] main: bigbasket: stored 0 products
2026-07-04 23:45:45,318 [INFO] main: deliverit: stored 0 products
2026-07-04 23:45:45,331 [INFO] main: lots: stored 0 products
2026-07-04 23:45:45,598 [INFO] main: Canonical grouping: 3894 groups across 0 products
2026-07-04 23:45:45,599 [INFO] main: Run complete. Total products upserted: 0
2026-07-05 04:00:03,740 [INFO] scrapers.hyperpure: hyperpure: https://www.hyperpure.com/in/hyperpure -> 20 products
2026-07-05 04:00:07,323 [INFO] scrapers.hyperpure: hyperpure: https://www.hyperpure.com/in/packaging-material -> 20 products
2026-07-05 04:00:10,920 [INFO] scrapers.hyperpure: hyperpure: https://www.hyperpure.com/in/atta-maida-sooji -> 20 products
2026-07-05 04:00:14,602 [INFO] scrapers.hyperpure: hyperpure: https://www.hyperpure.com/in/butter -> 20 products
2026-07-05 04:00:18,171 [INFO] scrapers.hyperpure: hyperpure: https://www.hyperpure.com/in/cashews1 -> 20 products
2026-07-05 04:00:21,626 [INFO] scrapers.hyperpure: hyperpure: https://www.hyperpure.com/in/cheese -> 20 products
2026-07-05 04:00:25,056 [INFO] scrapers.hyperpure: hyperpure: https://www.hyperpure.com/in/chicken-breast-boneless -> 9 products
2026-07-05 04:00:28,683 [INFO] scrapers.hyperpure: hyperpure: https://www.hyperpure.com/in/corn-flour-besan-others -> 20 products
2026-07-05 04:00:32,082 [INFO] scrapers.hyperpure: hyperpure: https://www.hyperpure.com/in/cream -> 12 products
2026-07-05 04:00:35,583 [INFO] scrapers.hyperpure: hyperpure: https://www.hyperpure.com/in/curd -> 20 products
2026-07-05 04:00:39,090 [INFO] scrapers.hyperpure: hyperpure: https://www.hyperpure.com/in/edible-oils -> 20 products
2026-07-05 04:00:42,438 [INFO] scrapers.hyperpure: hyperpure: https://www.hyperpure.com/in/eggs -> 7 products
2026-07-05 04:00:45,950 [INFO] scrapers.hyperpure: hyperpure: https://www.hyperpure.com/in/ghee -> 20 products
2026-07-05 04:00:49,383 [INFO] scrapers.hyperpure: hyperpure: https://www.hyperpure.com/in/ketchup-puree-pastes -> 20 products
2026-07-05 04:00:52,861 [INFO] scrapers.hyperpure: hyperpure: https://www.hyperpure.com/in/milk-milk-powder -> 18 products
2026-07-05 04:00:56,369 [INFO] scrapers.hyperpure: hyperpure: https://www.hyperpure.com/in/paneer -> 20 products
2026-07-05 04:00:59,881 [INFO] scrapers.hyperpure: hyperpure: https://www.hyperpure.com/in/pasta-noodles -> 20 products
2026-07-05 04:01:03,415 [INFO] scrapers.hyperpure: hyperpure: https://www.hyperpure.com/in/rice-rice-products -> 20 products
2026-07-05 04:01:06,901 [INFO] scrapers.hyperpure: hyperpure: https://www.hyperpure.com/in/salts-sugars -> 20 products
2026-07-05 04:01:10,345 [INFO] scrapers.hyperpure: hyperpure: https://www.hyperpure.com/in/tea-and-coffee -> 20 products
2026-07-05 04:01:13,622 [INFO] scrapers.hyperpure: hyperpure: https://www.hyperpure.com/in/tomato-onion-potato -> 0 products
2026-07-05 04:01:16,799 [INFO] scrapers.hyperpure: hyperpure: https://www.hyperpure.com/in/urad-rajma-other-dal -> 0 products
2026-07-05 04:01:19,827 [INFO] main: hyperpure: stored 366 products
2026-07-05 04:01:21,035 [WARNING] scrapers.bigbasket: bigbasket: set_location(110001) did not verifiably change city (status=404, _bb_cid before=1 after=1) -- continuing with the anonymous default city instead of a silent guess
2026-07-05 04:01:22,243 [INFO] scrapers.bigbasket: bigbasket[110001]: https://www.bigbasket.com/pc/fruits-vegetables/fresh-fruits/ -> 73 products
2026-07-05 04:01:26,698 [INFO] scrapers.bigbasket: bigbasket[110001]: https://www.bigbasket.com/pc/fruits-vegetables/fresh-vegetables/ -> 131 products
2026-07-05 04:01:30,646 [INFO] scrapers.bigbasket: bigbasket[110001]: https://www.bigbasket.com/pc/fruits-vegetables/exotic-fruits-veggies/ -> 80 products
2026-07-05 04:01:34,576 [INFO] scrapers.bigbasket: bigbasket[110001]: https://www.bigbasket.com/pc/fruits-vegetables/herbs-seasonings/ -> 92 products
2026-07-05 04:01:39,943 [INFO] scrapers.bigbasket: bigbasket[110001]: https://www.bigbasket.com/pc/foodgrains-oil-masala/atta-flours-sooji/ -> 109 products
2026-07-05 04:01:44,401 [INFO] scrapers.bigbasket: bigbasket[110001]: https://www.bigbasket.com/pc/foodgrains-oil-masala/dals-pulses/ -> 134 products
2026-07-05 04:01:49,059 [INFO] scrapers.bigbasket: bigbasket[110001]: https://www.bigbasket.com/pc/foodgrains-oil-masala/dry-fruits/ -> 115 products
2026-07-05 04:01:53,216 [INFO] scrapers.bigbasket: bigbasket[110001]: https://www.bigbasket.com/pc/foodgrains-oil-masala/edible-oils-ghee/ -> 108 products
2026-07-05 04:01:58,027 [INFO] scrapers.bigbasket: bigbasket[110001]: https://www.bigbasket.com/pc/foodgrains-oil-masala/rice-rice-products/ -> 156 products
2026-07-05 04:02:02,931 [INFO] scrapers.bigbasket: bigbasket[110001]: https://www.bigbasket.com/pc/foodgrains-oil-masala/salt-sugar-jaggery/ -> 107 products
2026-07-05 04:02:07,635 [INFO] scrapers.bigbasket: bigbasket[110001]: https://www.bigbasket.com/pc/bakery-cakes-dairy/dairy/ -> 106 products
2026-07-05 04:02:12,817 [INFO] scrapers.bigbasket: bigbasket[110001]: https://www.bigbasket.com/pc/beauty-hygiene/health-medicine/ -> 78 products
2026-07-05 04:02:17,014 [INFO] scrapers.bigbasket: bigbasket[110001]: https://www.bigbasket.com/pc/kitchen-garden-pets/pet-food-accessories/ -> 95 products
2026-07-05 04:02:21,276 [WARNING] scrapers.bigbasket: bigbasket: set_location(560001) did not verifiably change city (status=404, _bb_cid before=1 after=1) -- continuing with the anonymous default city instead of a silent guess
2026-07-05 04:02:22,795 [INFO] scrapers.bigbasket: bigbasket[560001]: https://www.bigbasket.com/pc/fruits-vegetables/fresh-fruits/ -> 73 products
2026-07-05 04:02:26,789 [INFO] scrapers.bigbasket: bigbasket[560001]: https://www.bigbasket.com/pc/fruits-vegetables/fresh-vegetables/ -> 131 products
2026-07-05 04:02:30,480 [INFO] scrapers.bigbasket: bigbasket[560001]: https://www.bigbasket.com/pc/fruits-vegetables/exotic-fruits-veggies/ -> 80 products
2026-07-05 04:02:34,463 [INFO] scrapers.bigbasket: bigbasket[560001]: https://www.bigbasket.com/pc/fruits-vegetables/herbs-seasonings/ -> 92 products
2026-07-05 04:02:38,983 [INFO] scrapers.bigbasket: bigbasket[560001]: https://www.bigbasket.com/pc/foodgrains-oil-masala/atta-flours-sooji/ -> 109 products
2026-07-05 04:02:43,456 [INFO] scrapers.bigbasket: bigbasket[560001]: https://www.bigbasket.com/pc/foodgrains-oil-masala/dals-pulses/ -> 134 products
2026-07-05 04:02:47,431 [INFO] scrapers.bigbasket: bigbasket[560001]: https://www.bigbasket.com/pc/foodgrains-oil-masala/dry-fruits/ -> 115 products
2026-07-05 04:02:51,401 [INFO] scrapers.bigbasket: bigbasket[560001]: https://www.bigbasket.com/pc/foodgrains-oil-masala/edible-oils-ghee/ -> 108 products
2026-07-05 04:02:56,203 [INFO] scrapers.bigbasket: bigbasket[560001]: https://www.bigbasket.com/pc/foodgrains-oil-masala/rice-rice-products/ -> 156 products
2026-07-05 04:03:00,605 [INFO] scrapers.bigbasket: bigbasket[560001]: https://www.bigbasket.com/pc/foodgrains-oil-masala/salt-sugar-jaggery/ -> 107 products
2026-07-05 04:03:04,562 [INFO] scrapers.bigbasket: bigbasket[560001]: https://www.bigbasket.com/pc/bakery-cakes-dairy/dairy/ -> 106 products
2026-07-05 04:03:08,744 [INFO] scrapers.bigbasket: bigbasket[560001]: https://www.bigbasket.com/pc/beauty-hygiene/health-medicine/ -> 78 products
2026-07-05 04:03:12,555 [INFO] scrapers.bigbasket: bigbasket[560001]: https://www.bigbasket.com/pc/kitchen-garden-pets/pet-food-accessories/ -> 95 products
2026-07-05 04:03:16,906 [WARNING] scrapers.bigbasket: bigbasket: set_location(400001) did not verifiably change city (status=404, _bb_cid before=1 after=1) -- continuing with the anonymous default city instead of a silent guess
2026-07-05 04:03:18,211 [INFO] scrapers.bigbasket: bigbasket[400001]: https://www.bigbasket.com/pc/fruits-vegetables/fresh-fruits/ -> 73 products
2026-07-05 04:03:22,435 [INFO] scrapers.bigbasket: bigbasket[400001]: https://www.bigbasket.com/pc/fruits-vegetables/fresh-vegetables/ -> 131 products
2026-07-05 04:03:26,757 [INFO] scrapers.bigbasket: bigbasket[400001]: https://www.bigbasket.com/pc/fruits-vegetables/exotic-fruits-veggies/ -> 80 products
2026-07-05 04:03:30,693 [INFO] scrapers.bigbasket: bigbasket[400001]: https://www.bigbasket.com/pc/fruits-vegetables/herbs-seasonings/ -> 92 products
2026-07-05 04:03:34,849 [INFO] scrapers.bigbasket: bigbasket[400001]: https://www.bigbasket.com/pc/foodgrains-oil-masala/atta-flours-sooji/ -> 109 products
2026-07-05 04:03:39,512 [INFO] scrapers.bigbasket: bigbasket[400001]: https://www.bigbasket.com/pc/foodgrains-oil-masala/dals-pulses/ -> 134 products
2026-07-05 04:03:43,678 [INFO] scrapers.bigbasket: bigbasket[400001]: https://www.bigbasket.com/pc/foodgrains-oil-masala/dry-fruits/ -> 115 products
2026-07-05 04:03:47,753 [INFO] scrapers.bigbasket: bigbasket[400001]: https://www.bigbasket.com/pc/foodgrains-oil-masala/edible-oils-ghee/ -> 108 products
2026-07-05 04:03:52,995 [INFO] scrapers.bigbasket: bigbasket[400001]: https://www.bigbasket.com/pc/foodgrains-oil-masala/rice-rice-products/ -> 156 products
2026-07-05 04:03:57,173 [INFO] scrapers.bigbasket: bigbasket[400001]: https://www.bigbasket.com/pc/foodgrains-oil-masala/salt-sugar-jaggery/ -> 107 products
2026-07-05 04:04:01,181 [INFO] scrapers.bigbasket: bigbasket[400001]: https://www.bigbasket.com/pc/bakery-cakes-dairy/dairy/ -> 106 products
2026-07-05 04:04:05,612 [INFO] scrapers.bigbasket: bigbasket[400001]: https://www.bigbasket.com/pc/beauty-hygiene/health-medicine/ -> 78 products
2026-07-05 04:04:09,633 [INFO] scrapers.bigbasket: bigbasket[400001]: https://www.bigbasket.com/pc/kitchen-garden-pets/pet-food-accessories/ -> 95 products
2026-07-05 04:04:12,707 [INFO] main: bigbasket: stored 1384 products
2026-07-05 04:04:20,419 [INFO] scrapers.deliverit: deliverit: discovered 60 product URLs to scrape this run
2026-07-05 04:08:57,962 [INFO] main: deliverit: stored 60 products
2026-07-05 04:08:58,574 [WARNING] scrapers.lots: lots: store locator returned 404 for pincode 110001 -- no public pincode->store lookup is confirmed to exist for this site (see scrapers/lots.py docstring); falling back to default store 101
2026-07-05 04:09:18,472 [INFO] scrapers.lots: lots[110001]: foodgrains-oil-masala/dals-pulses- (menuId=130, storeCode=101) -> 129 products
2026-07-05 04:09:30,523 [INFO] scrapers.lots: lots[110001]: foodgrains-oil-masala/atta-maida-sooji (menuId=128, storeCode=101) -> 59 products
2026-07-05 04:09:46,677 [INFO] scrapers.lots: lots[110001]: foodgrains-oil-masala/cooking-oil-ghee (menuId=129, storeCode=101) -> 102 products
2026-07-05 04:10:02,331 [INFO] scrapers.lots: lots[110001]: foodgrains-oil-masala/dry-fruits (menuId=131, storeCode=101) -> 111 products
2026-07-05 04:10:17,727 [INFO] scrapers.lots: lots[110001]: foodgrains-oil-masala/rice-poha (menuId=133, storeCode=101) -> 85 products
2026-07-05 04:10:29,268 [INFO] scrapers.lots: lots[110001]: foodgrains-oil-masala/salt-sugar (menuId=134, storeCode=101) -> 40 products
2026-07-05 04:10:50,878 [INFO] scrapers.lots: lots[110001]: foodgrains-oil-masala/spices-masale- (menuId=135, storeCode=101) -> 180 products
2026-07-05 04:11:06,158 [INFO] scrapers.lots: lots[110001]: dairy-fresh-frozen/milk-dahi (menuId=124, storeCode=101) -> 63 products
2026-07-05 04:11:25,784 [INFO] scrapers.lots: lots[110001]: dairy-fresh-frozen/butter-Chesse (menuId=118, storeCode=101) -> 96 products
2026-07-05 04:11:37,229 [INFO] scrapers.lots: lots[110001]: dairy-fresh-frozen/fruits-vegetables/fruits (menuId=100711, storeCode=101) -> 41 products
2026-07-05 04:11:52,675 [INFO] scrapers.lots: lots[110001]: dairy-fresh-frozen/fruits-vegetables/vegetables (menuId=100712, storeCode=101) -> 109 products
2026-07-05 04:12:12,891 [INFO] scrapers.lots: lots[110001]: biscuits-snacks-chocolates/chocolates (menuId=106, storeCode=101) -> 162 products
2026-07-05 04:12:47,814 [INFO] scrapers.lots: lots[110001]: biscuits-snacks-chocolates/namkeen (menuId=107, storeCode=101) -> 179 products
2026-07-05 04:13:08,422 [INFO] scrapers.lots: lots[110001]: biscuits-snacks-chocolates/biscuits-cookies (menuId=103, storeCode=101) -> 180 products
2026-07-05 04:13:23,280 [INFO] scrapers.lots: lots[110001]: tea-coffee-cold-drinks/tea (menuId=170, storeCode=101) -> 66 products
2026-07-05 04:13:34,478 [INFO] scrapers.lots: lots[110001]: tea-coffee-cold-drinks/coffee-instant-premix (menuId=165, storeCode=101) -> 38 products
2026-07-05 04:13:50,181 [INFO] scrapers.lots: lots[110001]: instant-packaged-food/noodles (menuId=149, storeCode=101) -> 118 products
2026-07-05 04:14:02,023 [INFO] scrapers.lots: lots[110001]: instant-packaged-food/pasta (menuId=150, storeCode=101) -> 44 products
2026-07-05 04:14:23,965 [INFO] scrapers.lots: lots[110001]: sauces-spreads-cooking-essentials/sauces-vinegar (menuId=159, storeCode=101) -> 180 products
2026-07-05 04:14:37,941 [INFO] scrapers.lots: lots[110001]: sauces-spreads-cooking-essentials/pickles (menuId=158, storeCode=101) -> 28 products
2026-07-05 04:14:50,476 [INFO] scrapers.lots: lots[110001]: cleaning-laundry/dishwash (menuId=110, storeCode=101) -> 40 products
2026-07-05 04:15:09,267 [INFO] scrapers.lots: lots[110001]: cleaning-laundry/fabric-care (menuId=111, storeCode=101) -> 112 products
2026-07-05 04:15:27,619 [INFO] scrapers.lots: lots[110001]: hair-body-care/soaps-body-wash (menuId=141, storeCode=101) -> 117 products
2026-07-05 04:15:31,488 [WARNING] scrapers.lots: lots: store locator returned 404 for pincode 560001 -- no public pincode->store lookup is confirmed to exist for this site (see scrapers/lots.py docstring); falling back to default store 101
2026-07-05 04:15:51,097 [INFO] scrapers.lots: lots[560001]: foodgrains-oil-masala/dals-pulses- (menuId=130, storeCode=101) -> 129 products
2026-07-05 04:16:04,421 [INFO] scrapers.lots: lots[560001]: foodgrains-oil-masala/atta-maida-sooji (menuId=128, storeCode=101) -> 59 products
2026-07-05 04:16:21,136 [INFO] scrapers.lots: lots[560001]: foodgrains-oil-masala/cooking-oil-ghee (menuId=129, storeCode=101) -> 102 products
2026-07-05 04:16:37,214 [INFO] scrapers.lots: lots[560001]: foodgrains-oil-masala/dry-fruits (menuId=131, storeCode=101) -> 111 products
2026-07-05 04:17:08,953 [INFO] scrapers.lots: lots[560001]: foodgrains-oil-masala/rice-poha (menuId=133, storeCode=101) -> 85 products
2026-07-05 04:17:36,906 [INFO] scrapers.lots: lots[560001]: foodgrains-oil-masala/salt-sugar (menuId=134, storeCode=101) -> 40 products
2026-07-05 04:18:00,854 [INFO] scrapers.lots: lots[560001]: foodgrains-oil-masala/spices-masale- (menuId=135, storeCode=101) -> 180 products
2026-07-05 04:18:17,588 [INFO] scrapers.lots: lots[560001]: dairy-fresh-frozen/milk-dahi (menuId=124, storeCode=101) -> 63 products
2026-07-05 04:18:36,903 [INFO] scrapers.lots: lots[560001]: dairy-fresh-frozen/butter-Chesse (menuId=118, storeCode=101) -> 96 products
2026-07-05 04:18:49,484 [INFO] scrapers.lots: lots[560001]: dairy-fresh-frozen/fruits-vegetables/fruits (menuId=100711, storeCode=101) -> 41 products
2026-07-05 04:19:09,646 [INFO] scrapers.lots: lots[560001]: dairy-fresh-frozen/fruits-vegetables/vegetables (menuId=100712, storeCode=101) -> 109 products
2026-07-05 04:19:29,458 [INFO] scrapers.lots: lots[560001]: biscuits-snacks-chocolates/chocolates (menuId=106, storeCode=101) -> 165 products
2026-07-05 04:19:49,985 [INFO] scrapers.lots: lots[560001]: biscuits-snacks-chocolates/namkeen (menuId=107, storeCode=101) -> 179 products
2026-07-05 04:20:12,148 [INFO] scrapers.lots: lots[560001]: biscuits-snacks-chocolates/biscuits-cookies (menuId=103, storeCode=101) -> 180 products
2026-07-05 04:20:27,905 [INFO] scrapers.lots: lots[560001]: tea-coffee-cold-drinks/tea (menuId=170, storeCode=101) -> 66 products
2026-07-05 04:20:56,176 [INFO] scrapers.lots: lots[560001]: tea-coffee-cold-drinks/coffee-instant-premix (menuId=165, storeCode=101) -> 38 products
2026-07-05 04:21:12,037 [INFO] scrapers.lots: lots[560001]: instant-packaged-food/noodles (menuId=149, storeCode=101) -> 118 products
2026-07-05 04:21:26,222 [INFO] scrapers.lots: lots[560001]: instant-packaged-food/pasta (menuId=150, storeCode=101) -> 44 products
2026-07-05 04:21:46,177 [INFO] scrapers.lots: lots[560001]: sauces-spreads-cooking-essentials/sauces-vinegar (menuId=159, storeCode=101) -> 180 products
2026-07-05 04:21:57,906 [INFO] scrapers.lots: lots[560001]: sauces-spreads-cooking-essentials/pickles (menuId=158, storeCode=101) -> 28 products
2026-07-05 04:22:09,481 [INFO] scrapers.lots: lots[560001]: cleaning-laundry/dishwash (menuId=110, storeCode=101) -> 40 products
2026-07-05 04:22:25,648 [INFO] scrapers.lots: lots[560001]: cleaning-laundry/fabric-care (menuId=111, storeCode=101) -> 112 products
2026-07-05 04:22:43,008 [INFO] scrapers.lots: lots[560001]: hair-body-care/soaps-body-wash (menuId=141, storeCode=101) -> 118 products
2026-07-05 04:22:46,440 [INFO] main: lots: stored 4562 products
2026-07-05 04:22:47,092 [INFO] main: Canonical grouping: 3906 groups across 6372 products
2026-07-05 04:22:47,093 [INFO] main: Run complete. Total products upserted: 6372
2026-07-06 04:00:04,395 [INFO] scrapers.hyperpure: hyperpure: https://www.hyperpure.com/in/hyperpure -> 20 products
2026-07-06 04:00:07,878 [INFO] scrapers.hyperpure: hyperpure: https://www.hyperpure.com/in/packaging-material -> 20 products
2026-07-06 04:00:11,283 [INFO] scrapers.hyperpure: hyperpure: https://www.hyperpure.com/in/atta-maida-sooji -> 20 products
2026-07-06 04:00:14,644 [INFO] scrapers.hyperpure: hyperpure: https://www.hyperpure.com/in/butter -> 20 products
2026-07-06 04:00:18,036 [INFO] scrapers.hyperpure: hyperpure: https://www.hyperpure.com/in/cashews1 -> 20 products
2026-07-06 04:00:21,442 [INFO] scrapers.hyperpure: hyperpure: https://www.hyperpure.com/in/cheese -> 20 products
2026-07-06 04:00:24,792 [INFO] scrapers.hyperpure: hyperpure: https://www.hyperpure.com/in/chicken-breast-boneless -> 9 products
2026-07-06 04:00:28,172 [INFO] scrapers.hyperpure: hyperpure: https://www.hyperpure.com/in/corn-flour-besan-others -> 20 products
2026-07-06 04:00:31,512 [INFO] scrapers.hyperpure: hyperpure: https://www.hyperpure.com/in/cream -> 12 products
2026-07-06 04:00:34,929 [INFO] scrapers.hyperpure: hyperpure: https://www.hyperpure.com/in/curd -> 20 products
2026-07-06 04:00:38,370 [INFO] scrapers.hyperpure: hyperpure: https://www.hyperpure.com/in/edible-oils -> 20 products
2026-07-06 04:00:41,915 [INFO] scrapers.hyperpure: hyperpure: https://www.hyperpure.com/in/eggs -> 7 products
2026-07-06 04:00:45,321 [INFO] scrapers.hyperpure: hyperpure: https://www.hyperpure.com/in/ghee -> 20 products
2026-07-06 04:00:48,782 [INFO] scrapers.hyperpure: hyperpure: https://www.hyperpure.com/in/ketchup-puree-pastes -> 20 products
2026-07-06 04:00:52,146 [INFO] scrapers.hyperpure: hyperpure: https://www.hyperpure.com/in/milk-milk-powder -> 18 products
2026-07-06 04:00:55,541 [INFO] scrapers.hyperpure: hyperpure: https://www.hyperpure.com/in/paneer -> 20 products
2026-07-06 04:00:58,931 [INFO] scrapers.hyperpure: hyperpure: https://www.hyperpure.com/in/pasta-noodles -> 20 products
2026-07-06 04:01:02,411 [INFO] scrapers.hyperpure: hyperpure: https://www.hyperpure.com/in/rice-rice-products -> 20 products
2026-07-06 04:01:05,998 [INFO] scrapers.hyperpure: hyperpure: https://www.hyperpure.com/in/salts-sugars -> 20 products
2026-07-06 04:01:09,411 [INFO] scrapers.hyperpure: hyperpure: https://www.hyperpure.com/in/tea-and-coffee -> 20 products
2026-07-06 04:01:12,657 [INFO] scrapers.hyperpure: hyperpure: https://www.hyperpure.com/in/tomato-onion-potato -> 0 products
2026-07-06 04:01:15,868 [INFO] scrapers.hyperpure: hyperpure: https://www.hyperpure.com/in/urad-rajma-other-dal -> 0 products
2026-07-06 04:01:18,922 [INFO] main: hyperpure: stored 366 products
2026-07-06 04:01:20,367 [WARNING] scrapers.bigbasket: bigbasket: set_location(110001) did not verifiably change city (status=404, _bb_cid before=1 after=1) -- continuing with the anonymous default city instead of a silent guess
2026-07-06 04:01:22,604 [INFO] scrapers.bigbasket: bigbasket[110001]: https://www.bigbasket.com/pc/fruits-vegetables/fresh-fruits/ -> 73 products
2026-07-06 04:01:26,771 [INFO] scrapers.bigbasket: bigbasket[110001]: https://www.bigbasket.com/pc/fruits-vegetables/fresh-vegetables/ -> 131 products
2026-07-06 04:01:30,432 [INFO] scrapers.bigbasket: bigbasket[110001]: https://www.bigbasket.com/pc/fruits-vegetables/exotic-fruits-veggies/ -> 80 products
2026-07-06 04:01:34,393 [INFO] scrapers.bigbasket: bigbasket[110001]: https://www.bigbasket.com/pc/fruits-vegetables/herbs-seasonings/ -> 92 products
2026-07-06 04:01:38,757 [INFO] scrapers.bigbasket: bigbasket[110001]: https://www.bigbasket.com/pc/foodgrains-oil-masala/atta-flours-sooji/ -> 109 products
2026-07-06 04:01:43,174 [INFO] scrapers.bigbasket: bigbasket[110001]: https://www.bigbasket.com/pc/foodgrains-oil-masala/dals-pulses/ -> 134 products
2026-07-06 04:01:47,543 [INFO] scrapers.bigbasket: bigbasket[110001]: https://www.bigbasket.com/pc/foodgrains-oil-masala/dry-fruits/ -> 115 products
2026-07-06 04:01:52,388 [INFO] scrapers.bigbasket: bigbasket[110001]: https://www.bigbasket.com/pc/foodgrains-oil-masala/edible-oils-ghee/ -> 108 products
2026-07-06 04:01:57,108 [INFO] scrapers.bigbasket: bigbasket[110001]: https://www.bigbasket.com/pc/foodgrains-oil-masala/rice-rice-products/ -> 156 products
2026-07-06 04:02:01,785 [INFO] scrapers.bigbasket: bigbasket[110001]: https://www.bigbasket.com/pc/foodgrains-oil-masala/salt-sugar-jaggery/ -> 107 products
2026-07-06 04:02:06,345 [INFO] scrapers.bigbasket: bigbasket[110001]: https://www.bigbasket.com/pc/bakery-cakes-dairy/dairy/ -> 106 products
2026-07-06 04:02:10,376 [INFO] scrapers.bigbasket: bigbasket[110001]: https://www.bigbasket.com/pc/beauty-hygiene/health-medicine/ -> 78 products
2026-07-06 04:02:14,489 [INFO] scrapers.bigbasket: bigbasket[110001]: https://www.bigbasket.com/pc/kitchen-garden-pets/pet-food-accessories/ -> 95 products
2026-07-06 04:02:18,776 [WARNING] scrapers.bigbasket: bigbasket: set_location(560001) did not verifiably change city (status=404, _bb_cid before=1 after=1) -- continuing with the anonymous default city instead of a silent guess
2026-07-06 04:02:19,949 [INFO] scrapers.bigbasket: bigbasket[560001]: https://www.bigbasket.com/pc/fruits-vegetables/fresh-fruits/ -> 73 products
2026-07-06 04:02:24,060 [INFO] scrapers.bigbasket: bigbasket[560001]: https://www.bigbasket.com/pc/fruits-vegetables/fresh-vegetables/ -> 131 products
2026-07-06 04:02:27,700 [INFO] scrapers.bigbasket: bigbasket[560001]: https://www.bigbasket.com/pc/fruits-vegetables/exotic-fruits-veggies/ -> 80 products
2026-07-06 04:02:31,631 [INFO] scrapers.bigbasket: bigbasket[560001]: https://www.bigbasket.com/pc/fruits-vegetables/herbs-seasonings/ -> 92 products
2026-07-06 04:02:36,089 [INFO] scrapers.bigbasket: bigbasket[560001]: https://www.bigbasket.com/pc/foodgrains-oil-masala/atta-flours-sooji/ -> 109 products
2026-07-06 04:02:40,405 [INFO] scrapers.bigbasket: bigbasket[560001]: https://www.bigbasket.com/pc/foodgrains-oil-masala/dals-pulses/ -> 134 products
2026-07-06 04:02:44,331 [INFO] scrapers.bigbasket: bigbasket[560001]: https://www.bigbasket.com/pc/foodgrains-oil-masala/dry-fruits/ -> 115 products
2026-07-06 04:02:48,201 [INFO] scrapers.bigbasket: bigbasket[560001]: https://www.bigbasket.com/pc/foodgrains-oil-masala/edible-oils-ghee/ -> 108 products
2026-07-06 04:02:52,716 [INFO] scrapers.bigbasket: bigbasket[560001]: https://www.bigbasket.com/pc/foodgrains-oil-masala/rice-rice-products/ -> 156 products
2026-07-06 04:02:57,608 [INFO] scrapers.bigbasket: bigbasket[560001]: https://www.bigbasket.com/pc/foodgrains-oil-masala/salt-sugar-jaggery/ -> 107 products
2026-07-06 04:03:01,796 [INFO] scrapers.bigbasket: bigbasket[560001]: https://www.bigbasket.com/pc/bakery-cakes-dairy/dairy/ -> 106 products
2026-07-06 04:03:05,684 [INFO] scrapers.bigbasket: bigbasket[560001]: https://www.bigbasket.com/pc/beauty-hygiene/health-medicine/ -> 78 products
2026-07-06 04:03:09,555 [INFO] scrapers.bigbasket: bigbasket[560001]: https://www.bigbasket.com/pc/kitchen-garden-pets/pet-food-accessories/ -> 95 products
2026-07-06 04:03:13,784 [WARNING] scrapers.bigbasket: bigbasket: set_location(400001) did not verifiably change city (status=404, _bb_cid before=1 after=1) -- continuing with the anonymous default city instead of a silent guess
2026-07-06 04:03:14,984 [INFO] scrapers.bigbasket: bigbasket[400001]: https://www.bigbasket.com/pc/fruits-vegetables/fresh-fruits/ -> 73 products
2026-07-06 04:03:18,873 [INFO] scrapers.bigbasket: bigbasket[400001]: https://www.bigbasket.com/pc/fruits-vegetables/fresh-vegetables/ -> 131 products
2026-07-06 04:03:22,751 [INFO] scrapers.bigbasket: bigbasket[400001]: https://www.bigbasket.com/pc/fruits-vegetables/exotic-fruits-veggies/ -> 80 products
2026-07-06 04:03:26,911 [INFO] scrapers.bigbasket: bigbasket[400001]: https://www.bigbasket.com/pc/fruits-vegetables/herbs-seasonings/ -> 92 products
2026-07-06 04:03:31,356 [INFO] scrapers.bigbasket: bigbasket[400001]: https://www.bigbasket.com/pc/foodgrains-oil-masala/atta-flours-sooji/ -> 109 products
2026-07-06 04:03:35,728 [INFO] scrapers.bigbasket: bigbasket[400001]: https://www.bigbasket.com/pc/foodgrains-oil-masala/dals-pulses/ -> 134 products
2026-07-06 04:03:39,704 [INFO] scrapers.bigbasket: bigbasket[400001]: https://www.bigbasket.com/pc/foodgrains-oil-masala/dry-fruits/ -> 115 products
2026-07-06 04:03:43,596 [INFO] scrapers.bigbasket: bigbasket[400001]: https://www.bigbasket.com/pc/foodgrains-oil-masala/edible-oils-ghee/ -> 108 products
2026-07-06 04:03:48,414 [INFO] scrapers.bigbasket: bigbasket[400001]: https://www.bigbasket.com/pc/foodgrains-oil-masala/rice-rice-products/ -> 156 products
2026-07-06 04:03:52,643 [INFO] scrapers.bigbasket: bigbasket[400001]: https://www.bigbasket.com/pc/foodgrains-oil-masala/salt-sugar-jaggery/ -> 107 products
2026-07-06 04:03:56,601 [INFO] scrapers.bigbasket: bigbasket[400001]: https://www.bigbasket.com/pc/bakery-cakes-dairy/dairy/ -> 106 products
2026-07-06 04:04:00,516 [INFO] scrapers.bigbasket: bigbasket[400001]: https://www.bigbasket.com/pc/beauty-hygiene/health-medicine/ -> 78 products
2026-07-06 04:04:04,371 [INFO] scrapers.bigbasket: bigbasket[400001]: https://www.bigbasket.com/pc/kitchen-garden-pets/pet-food-accessories/ -> 95 products
2026-07-06 04:04:07,504 [INFO] main: bigbasket: stored 1384 products
2026-07-06 04:04:15,424 [INFO] scrapers.deliverit: deliverit: discovered 60 product URLs to scrape this run
2026-07-06 04:10:10,556 [WARNING] scrapers.deliverit: deliverit: failed on https://www.deliverit.net.in/product/amul-ip-butter?pid=7094: HTTPSConnectionPool(host='www.deliverit.net.in', port=443): Read timed out. (read timeout=20)
2026-07-06 04:10:39,861 [INFO] main: deliverit: stored 59 products
2026-07-06 04:10:41,425 [WARNING] scrapers.lots: lots: store locator returned 404 for pincode 110001 -- no public pincode->store lookup is confirmed to exist for this site (see scrapers/lots.py docstring); falling back to default store 101
2026-07-06 04:10:57,766 [INFO] scrapers.lots: lots[110001]: foodgrains-oil-masala/dals-pulses- (menuId=130, storeCode=101) -> 129 products
2026-07-06 04:11:09,620 [INFO] scrapers.lots: lots[110001]: foodgrains-oil-masala/atta-maida-sooji (menuId=128, storeCode=101) -> 59 products
2026-07-06 04:11:24,706 [INFO] scrapers.lots: lots[110001]: foodgrains-oil-masala/cooking-oil-ghee (menuId=129, storeCode=101) -> 102 products
2026-07-06 04:11:39,525 [INFO] scrapers.lots: lots[110001]: foodgrains-oil-masala/dry-fruits (menuId=131, storeCode=101) -> 111 products
2026-07-06 04:11:54,272 [INFO] scrapers.lots: lots[110001]: foodgrains-oil-masala/rice-poha (menuId=133, storeCode=101) -> 85 products
2026-07-06 04:12:05,820 [INFO] scrapers.lots: lots[110001]: foodgrains-oil-masala/salt-sugar (menuId=134, storeCode=101) -> 40 products
2026-07-06 04:12:24,810 [INFO] scrapers.lots: lots[110001]: foodgrains-oil-masala/spices-masale- (menuId=135, storeCode=101) -> 180 products
2026-07-06 04:12:39,437 [INFO] scrapers.lots: lots[110001]: dairy-fresh-frozen/milk-dahi (menuId=124, storeCode=101) -> 63 products
2026-07-06 04:12:54,714 [INFO] scrapers.lots: lots[110001]: dairy-fresh-frozen/butter-Chesse (menuId=118, storeCode=101) -> 96 products
2026-07-06 04:13:05,849 [INFO] scrapers.lots: lots[110001]: dairy-fresh-frozen/fruits-vegetables/fruits (menuId=100711, storeCode=101) -> 41 products
2026-07-06 04:13:20,555 [INFO] scrapers.lots: lots[110001]: dairy-fresh-frozen/fruits-vegetables/vegetables (menuId=100712, storeCode=101) -> 109 products
2026-07-06 04:13:39,126 [INFO] scrapers.lots: lots[110001]: biscuits-snacks-chocolates/chocolates (menuId=106, storeCode=101) -> 165 products
2026-07-06 04:13:58,544 [INFO] scrapers.lots: lots[110001]: biscuits-snacks-chocolates/namkeen (menuId=107, storeCode=101) -> 175 products
2026-07-06 04:14:17,347 [INFO] scrapers.lots: lots[110001]: biscuits-snacks-chocolates/biscuits-cookies (menuId=103, storeCode=101) -> 180 products
2026-07-06 04:14:31,864 [INFO] scrapers.lots: lots[110001]: tea-coffee-cold-drinks/tea (menuId=170, storeCode=101) -> 66 products
2026-07-06 04:14:44,498 [INFO] scrapers.lots: lots[110001]: tea-coffee-cold-drinks/coffee-instant-premix (menuId=165, storeCode=101) -> 38 products
2026-07-06 04:15:01,522 [INFO] scrapers.lots: lots[110001]: instant-packaged-food/noodles (menuId=149, storeCode=101) -> 118 products
2026-07-06 04:15:12,955 [INFO] scrapers.lots: lots[110001]: instant-packaged-food/pasta (menuId=150, storeCode=101) -> 44 products
2026-07-06 04:15:33,782 [INFO] scrapers.lots: lots[110001]: sauces-spreads-cooking-essentials/sauces-vinegar (menuId=159, storeCode=101) -> 180 products
2026-07-06 04:15:44,936 [INFO] scrapers.lots: lots[110001]: sauces-spreads-cooking-essentials/pickles (menuId=158, storeCode=101) -> 28 products
2026-07-06 04:15:55,981 [INFO] scrapers.lots: lots[110001]: cleaning-laundry/dishwash (menuId=110, storeCode=101) -> 40 products
2026-07-06 04:16:55,024 [WARNING] scrapers.lots: lots[110001]: failed on cleaning-laundry/fabric-care: ('Connection aborted.', RemoteDisconnected('Remote end closed connection without response'))
2026-07-06 04:29:00,577 [WARNING] scrapers.lots: lots[110001]: failed on hair-body-care/soaps-body-wash: ('Connection broken: IncompleteRead(126547 bytes read, 138076 more expected)', IncompleteRead(126547 bytes read, 138076 more expected))
2026-07-06 04:29:04,282 [WARNING] scrapers.lots: lots: store locator returned 404 for pincode 560001 -- no public pincode->store lookup is confirmed to exist for this site (see scrapers/lots.py docstring); falling back to default store 101
2026-07-06 04:29:21,433 [INFO] scrapers.lots: lots[560001]: foodgrains-oil-masala/dals-pulses- (menuId=130, storeCode=101) -> 129 products
2026-07-06 04:29:33,367 [INFO] scrapers.lots: lots[560001]: foodgrains-oil-masala/atta-maida-sooji (menuId=128, storeCode=101) -> 59 products
2026-07-06 04:29:49,447 [INFO] scrapers.lots: lots[560001]: foodgrains-oil-masala/cooking-oil-ghee (menuId=129, storeCode=101) -> 102 products
2026-07-06 04:30:04,736 [INFO] scrapers.lots: lots[560001]: foodgrains-oil-masala/dry-fruits (menuId=131, storeCode=101) -> 111 products
2026-07-06 04:30:21,290 [INFO] scrapers.lots: lots[560001]: foodgrains-oil-masala/rice-poha (menuId=133, storeCode=101) -> 85 products
2026-07-06 04:30:33,003 [INFO] scrapers.lots: lots[560001]: foodgrains-oil-masala/salt-sugar (menuId=134, storeCode=101) -> 40 products
2026-07-06 04:30:52,040 [INFO] scrapers.lots: lots[560001]: foodgrains-oil-masala/spices-masale- (menuId=135, storeCode=101) -> 180 products
2026-07-06 04:31:08,810 [INFO] scrapers.lots: lots[560001]: dairy-fresh-frozen/milk-dahi (menuId=124, storeCode=101) -> 63 products
2026-07-06 04:31:23,857 [INFO] scrapers.lots: lots[560001]: dairy-fresh-frozen/butter-Chesse (menuId=118, storeCode=101) -> 96 products
2026-07-06 04:31:50,890 [INFO] scrapers.lots: lots[560001]: dairy-fresh-frozen/fruits-vegetables/fruits (menuId=100711, storeCode=101) -> 41 products
2026-07-06 04:32:06,069 [INFO] scrapers.lots: lots[560001]: dairy-fresh-frozen/fruits-vegetables/vegetables (menuId=100712, storeCode=101) -> 109 products
2026-07-06 04:32:25,302 [INFO] scrapers.lots: lots[560001]: biscuits-snacks-chocolates/chocolates (menuId=106, storeCode=101) -> 165 products
2026-07-06 04:32:45,195 [INFO] scrapers.lots: lots[560001]: biscuits-snacks-chocolates/namkeen (menuId=107, storeCode=101) -> 177 products
2026-07-06 04:33:04,620 [INFO] scrapers.lots: lots[560001]: biscuits-snacks-chocolates/biscuits-cookies (menuId=103, storeCode=101) -> 180 products
2026-07-06 04:33:19,260 [INFO] scrapers.lots: lots[560001]: tea-coffee-cold-drinks/tea (menuId=170, storeCode=101) -> 66 products
2026-07-06 04:33:31,161 [INFO] scrapers.lots: lots[560001]: tea-coffee-cold-drinks/coffee-instant-premix (menuId=165, storeCode=101) -> 38 products
2026-07-06 04:33:48,694 [INFO] scrapers.lots: lots[560001]: instant-packaged-food/noodles (menuId=149, storeCode=101) -> 118 products
2026-07-06 04:34:00,019 [INFO] scrapers.lots: lots[560001]: instant-packaged-food/pasta (menuId=150, storeCode=101) -> 44 products
2026-07-06 04:34:19,024 [INFO] scrapers.lots: lots[560001]: sauces-spreads-cooking-essentials/sauces-vinegar (menuId=159, storeCode=101) -> 180 products
2026-07-06 04:34:30,219 [INFO] scrapers.lots: lots[560001]: sauces-spreads-cooking-essentials/pickles (menuId=158, storeCode=101) -> 28 products
2026-07-06 04:34:41,325 [INFO] scrapers.lots: lots[560001]: cleaning-laundry/dishwash (menuId=110, storeCode=101) -> 40 products
2026-07-06 04:35:13,140 [INFO] scrapers.lots: lots[560001]: cleaning-laundry/fabric-care (menuId=111, storeCode=101) -> 112 products
2026-07-06 04:35:44,728 [INFO] scrapers.lots: lots[560001]: hair-body-care/soaps-body-wash (menuId=141, storeCode=101) -> 118 products
2026-07-06 04:35:48,214 [INFO] main: lots: stored 4330 products
2026-07-06 04:35:48,655 [INFO] main: Canonical grouping: 3912 groups across 6139 products
2026-07-06 04:35:48,655 [INFO] main: Run complete. Total products upserted: 6139
2026-07-11 20:54:13,684 [INFO] scrapers.hyperpure: hyperpure: https://www.hyperpure.com/in/hyperpure -> 20 products
2026-07-11 20:54:17,531 [INFO] scrapers.hyperpure: hyperpure: https://www.hyperpure.com/in/packaging-material -> 20 products
2026-07-11 20:54:21,100 [INFO] scrapers.hyperpure: hyperpure: https://www.hyperpure.com/in/atta-maida-sooji -> 20 products
2026-07-11 20:54:24,550 [INFO] scrapers.hyperpure: hyperpure: https://www.hyperpure.com/in/butter -> 20 products
2026-07-11 20:54:28,137 [INFO] scrapers.hyperpure: hyperpure: https://www.hyperpure.com/in/cashews1 -> 20 products
2026-07-11 20:54:31,643 [INFO] scrapers.hyperpure: hyperpure: https://www.hyperpure.com/in/cheese -> 20 products
2026-07-11 20:54:35,135 [INFO] scrapers.hyperpure: hyperpure: https://www.hyperpure.com/in/chicken-breast-boneless -> 9 products
2026-07-11 20:54:38,569 [INFO] scrapers.hyperpure: hyperpure: https://www.hyperpure.com/in/corn-flour-besan-others -> 20 products
2026-07-11 20:54:42,160 [INFO] scrapers.hyperpure: hyperpure: https://www.hyperpure.com/in/cream -> 11 products
2026-07-11 20:54:45,710 [INFO] scrapers.hyperpure: hyperpure: https://www.hyperpure.com/in/curd -> 20 products
2026-07-11 20:54:49,133 [INFO] scrapers.hyperpure: hyperpure: https://www.hyperpure.com/in/edible-oils -> 20 products
2026-07-11 20:54:52,536 [INFO] scrapers.hyperpure: hyperpure: https://www.hyperpure.com/in/eggs -> 7 products
2026-07-11 20:54:55,984 [INFO] scrapers.hyperpure: hyperpure: https://www.hyperpure.com/in/ghee -> 20 products
2026-07-11 20:54:59,408 [INFO] scrapers.hyperpure: hyperpure: https://www.hyperpure.com/in/ketchup-puree-pastes -> 20 products
2026-07-11 20:55:02,914 [INFO] scrapers.hyperpure: hyperpure: https://www.hyperpure.com/in/milk-milk-powder -> 16 products
2026-07-11 20:55:06,345 [INFO] scrapers.hyperpure: hyperpure: https://www.hyperpure.com/in/paneer -> 20 products
2026-07-11 20:55:09,950 [INFO] scrapers.hyperpure: hyperpure: https://www.hyperpure.com/in/pasta-noodles -> 20 products
2026-07-11 20:55:13,464 [INFO] scrapers.hyperpure: hyperpure: https://www.hyperpure.com/in/rice-rice-products -> 20 products
2026-07-11 20:55:16,966 [INFO] scrapers.hyperpure: hyperpure: https://www.hyperpure.com/in/salts-sugars -> 20 products
2026-07-11 20:55:20,379 [INFO] scrapers.hyperpure: hyperpure: https://www.hyperpure.com/in/tea-and-coffee -> 20 products
2026-07-11 20:55:23,619 [INFO] scrapers.hyperpure: hyperpure: https://www.hyperpure.com/in/tomato-onion-potato -> 0 products
2026-07-11 20:55:26,805 [INFO] scrapers.hyperpure: hyperpure: https://www.hyperpure.com/in/urad-rajma-other-dal -> 0 products
2026-07-11 20:55:29,879 [INFO] main: hyperpure: stored 363 products
2026-07-11 20:55:31,816 [WARNING] scrapers.bigbasket: bigbasket: set_location(110001) did not verifiably change city (status=404, _bb_cid before=1 after=1) -- continuing with the anonymous default city instead of a silent guess
2026-07-11 20:55:32,992 [INFO] scrapers.bigbasket: bigbasket[110001]: https://www.bigbasket.com/pc/fruits-vegetables/fresh-fruits/ -> 75 products
2026-07-11 20:55:37,638 [INFO] scrapers.bigbasket: bigbasket[110001]: https://www.bigbasket.com/pc/fruits-vegetables/fresh-vegetables/ -> 131 products
2026-07-11 20:55:42,005 [INFO] scrapers.bigbasket: bigbasket[110001]: https://www.bigbasket.com/pc/fruits-vegetables/exotic-fruits-veggies/ -> 80 products
2026-07-11 20:55:46,590 [INFO] scrapers.bigbasket: bigbasket[110001]: https://www.bigbasket.com/pc/fruits-vegetables/herbs-seasonings/ -> 92 products
2026-07-11 20:55:51,636 [INFO] scrapers.bigbasket: bigbasket[110001]: https://www.bigbasket.com/pc/foodgrains-oil-masala/atta-flours-sooji/ -> 109 products
2026-07-11 20:55:56,606 [INFO] scrapers.bigbasket: bigbasket[110001]: https://www.bigbasket.com/pc/foodgrains-oil-masala/dals-pulses/ -> 135 products
2026-07-11 20:56:01,721 [INFO] scrapers.bigbasket: bigbasket[110001]: https://www.bigbasket.com/pc/foodgrains-oil-masala/dry-fruits/ -> 114 products
2026-07-11 20:56:06,398 [INFO] scrapers.bigbasket: bigbasket[110001]: https://www.bigbasket.com/pc/foodgrains-oil-masala/edible-oils-ghee/ -> 110 products
2026-07-11 20:56:11,614 [INFO] scrapers.bigbasket: bigbasket[110001]: https://www.bigbasket.com/pc/foodgrains-oil-masala/rice-rice-products/ -> 153 products
2026-07-11 20:56:16,541 [INFO] scrapers.bigbasket: bigbasket[110001]: https://www.bigbasket.com/pc/foodgrains-oil-masala/salt-sugar-jaggery/ -> 107 products
2026-07-11 20:56:21,793 [INFO] scrapers.bigbasket: bigbasket[110001]: https://www.bigbasket.com/pc/bakery-cakes-dairy/dairy/ -> 107 products
2026-07-11 20:56:27,707 [INFO] scrapers.bigbasket: bigbasket[110001]: https://www.bigbasket.com/pc/beauty-hygiene/health-medicine/ -> 80 products
2026-07-11 20:56:33,030 [INFO] scrapers.bigbasket: bigbasket[110001]: https://www.bigbasket.com/pc/kitchen-garden-pets/pet-food-accessories/ -> 93 products
2026-07-11 20:56:37,458 [WARNING] scrapers.bigbasket: bigbasket: set_location(560001) did not verifiably change city (status=404, _bb_cid before=1 after=1) -- continuing with the anonymous default city instead of a silent guess
2026-07-11 20:56:38,892 [INFO] scrapers.bigbasket: bigbasket[560001]: https://www.bigbasket.com/pc/fruits-vegetables/fresh-fruits/ -> 75 products
2026-07-11 20:56:44,051 [INFO] scrapers.bigbasket: bigbasket[560001]: https://www.bigbasket.com/pc/fruits-vegetables/fresh-vegetables/ -> 131 products
2026-07-11 20:56:48,941 [INFO] scrapers.bigbasket: bigbasket[560001]: https://www.bigbasket.com/pc/fruits-vegetables/exotic-fruits-veggies/ -> 80 products
2026-07-11 20:56:53,395 [INFO] scrapers.bigbasket: bigbasket[560001]: https://www.bigbasket.com/pc/fruits-vegetables/herbs-seasonings/ -> 92 products
2026-07-11 20:57:04,199 [INFO] scrapers.bigbasket: bigbasket[560001]: https://www.bigbasket.com/pc/foodgrains-oil-masala/atta-flours-sooji/ -> 109 products
2026-07-11 20:57:09,140 [INFO] scrapers.bigbasket: bigbasket[560001]: https://www.bigbasket.com/pc/foodgrains-oil-masala/dals-pulses/ -> 135 products
2026-07-11 20:57:13,666 [INFO] scrapers.bigbasket: bigbasket[560001]: https://www.bigbasket.com/pc/foodgrains-oil-masala/dry-fruits/ -> 114 products
2026-07-11 20:57:17,969 [INFO] scrapers.bigbasket: bigbasket[560001]: https://www.bigbasket.com/pc/foodgrains-oil-masala/edible-oils-ghee/ -> 110 products
2026-07-11 20:57:22,967 [INFO] scrapers.bigbasket: bigbasket[560001]: https://www.bigbasket.com/pc/foodgrains-oil-masala/rice-rice-products/ -> 153 products
2026-07-11 20:57:28,169 [INFO] scrapers.bigbasket: bigbasket[560001]: https://www.bigbasket.com/pc/foodgrains-oil-masala/salt-sugar-jaggery/ -> 107 products
2026-07-11 20:57:32,356 [INFO] scrapers.bigbasket: bigbasket[560001]: https://www.bigbasket.com/pc/bakery-cakes-dairy/dairy/ -> 107 products
2026-07-11 20:57:36,781 [INFO] scrapers.bigbasket: bigbasket[560001]: https://www.bigbasket.com/pc/beauty-hygiene/health-medicine/ -> 80 products
2026-07-11 20:57:40,955 [INFO] scrapers.bigbasket: bigbasket[560001]: https://www.bigbasket.com/pc/kitchen-garden-pets/pet-food-accessories/ -> 93 products
2026-07-11 20:57:45,754 [WARNING] scrapers.bigbasket: bigbasket: set_location(400001) did not verifiably change city (status=404, _bb_cid before=1 after=1) -- continuing with the anonymous default city instead of a silent guess
2026-07-11 20:57:47,196 [INFO] scrapers.bigbasket: bigbasket[400001]: https://www.bigbasket.com/pc/fruits-vegetables/fresh-fruits/ -> 75 products
2026-07-11 20:57:52,903 [INFO] scrapers.bigbasket: bigbasket[400001]: https://www.bigbasket.com/pc/fruits-vegetables/fresh-vegetables/ -> 131 products
2026-07-11 20:57:56,857 [INFO] scrapers.bigbasket: bigbasket[400001]: https://www.bigbasket.com/pc/fruits-vegetables/exotic-fruits-veggies/ -> 80 products
2026-07-11 20:58:00,979 [INFO] scrapers.bigbasket: bigbasket[400001]: https://www.bigbasket.com/pc/fruits-vegetables/herbs-seasonings/ -> 92 products
2026-07-11 20:58:06,295 [INFO] scrapers.bigbasket: bigbasket[400001]: https://www.bigbasket.com/pc/foodgrains-oil-masala/atta-flours-sooji/ -> 109 products
2026-07-11 20:58:11,544 [INFO] scrapers.bigbasket: bigbasket[400001]: https://www.bigbasket.com/pc/foodgrains-oil-masala/dals-pulses/ -> 135 products
2026-07-11 20:58:15,839 [INFO] scrapers.bigbasket: bigbasket[400001]: https://www.bigbasket.com/pc/foodgrains-oil-masala/dry-fruits/ -> 114 products
2026-07-11 20:58:19,960 [INFO] scrapers.bigbasket: bigbasket[400001]: https://www.bigbasket.com/pc/foodgrains-oil-masala/edible-oils-ghee/ -> 110 products
2026-07-11 20:58:24,861 [INFO] scrapers.bigbasket: bigbasket[400001]: https://www.bigbasket.com/pc/foodgrains-oil-masala/rice-rice-products/ -> 153 products
2026-07-11 20:58:29,673 [INFO] scrapers.bigbasket: bigbasket[400001]: https://www.bigbasket.com/pc/foodgrains-oil-masala/salt-sugar-jaggery/ -> 107 products
2026-07-11 20:58:34,068 [INFO] scrapers.bigbasket: bigbasket[400001]: https://www.bigbasket.com/pc/bakery-cakes-dairy/dairy/ -> 107 products
2026-07-11 20:58:38,879 [INFO] scrapers.bigbasket: bigbasket[400001]: https://www.bigbasket.com/pc/beauty-hygiene/health-medicine/ -> 80 products
2026-07-11 20:58:42,957 [INFO] scrapers.bigbasket: bigbasket[400001]: https://www.bigbasket.com/pc/kitchen-garden-pets/pet-food-accessories/ -> 93 products
2026-07-11 20:58:46,108 [INFO] main: bigbasket: stored 1386 products
2026-07-11 20:58:46,891 [INFO] scrapers.deliverit: deliverit: discovered 0 product URLs to scrape this run
2026-07-11 20:58:46,899 [INFO] main: deliverit: stored 0 products
2026-07-11 20:58:47,340 [WARNING] scrapers.lots: lots: store locator returned 404 for pincode 110001 -- no public pincode->store lookup is confirmed to exist for this site (see scrapers/lots.py docstring); falling back to default store 101
2026-07-11 20:59:03,750 [INFO] scrapers.lots: lots[110001]: foodgrains-oil-masala/dals-pulses- (menuId=130, storeCode=101) -> 129 products
2026-07-11 20:59:15,483 [INFO] scrapers.lots: lots[110001]: foodgrains-oil-masala/atta-maida-sooji (menuId=128, storeCode=101) -> 59 products
2026-07-11 20:59:30,895 [INFO] scrapers.lots: lots[110001]: foodgrains-oil-masala/cooking-oil-ghee (menuId=129, storeCode=101) -> 102 products
2026-07-11 20:59:46,608 [INFO] scrapers.lots: lots[110001]: foodgrains-oil-masala/dry-fruits (menuId=131, storeCode=101) -> 111 products
2026-07-11 21:00:01,515 [INFO] scrapers.lots: lots[110001]: foodgrains-oil-masala/rice-poha (menuId=133, storeCode=101) -> 85 products
2026-07-11 21:00:12,883 [INFO] scrapers.lots: lots[110001]: foodgrains-oil-masala/salt-sugar (menuId=134, storeCode=101) -> 40 products
2026-07-11 21:00:34,320 [INFO] scrapers.lots: lots[110001]: foodgrains-oil-masala/spices-masale- (menuId=135, storeCode=101) -> 180 products
2026-07-11 21:00:49,514 [INFO] scrapers.lots: lots[110001]: dairy-fresh-frozen/milk-dahi (menuId=124, storeCode=101) -> 62 products
2026-07-11 21:01:04,639 [INFO] scrapers.lots: lots[110001]: dairy-fresh-frozen/butter-Chesse (menuId=118, storeCode=101) -> 93 products
2026-07-11 21:01:15,796 [INFO] scrapers.lots: lots[110001]: dairy-fresh-frozen/fruits-vegetables/fruits (menuId=100711, storeCode=101) -> 41 products
2026-07-11 21:01:31,171 [INFO] scrapers.lots: lots[110001]: dairy-fresh-frozen/fruits-vegetables/vegetables (menuId=100712, storeCode=101) -> 109 products
2026-07-11 21:01:50,530 [INFO] scrapers.lots: lots[110001]: biscuits-snacks-chocolates/chocolates (menuId=106, storeCode=101) -> 165 products
2026-07-11 21:02:09,970 [INFO] scrapers.lots: lots[110001]: biscuits-snacks-chocolates/namkeen (menuId=107, storeCode=101) -> 180 products
2026-07-11 21:02:29,644 [INFO] scrapers.lots: lots[110001]: biscuits-snacks-chocolates/biscuits-cookies (menuId=103, storeCode=101) -> 180 products
2026-07-11 21:02:46,612 [INFO] scrapers.lots: lots[110001]: tea-coffee-cold-drinks/tea (menuId=170, storeCode=101) -> 66 products
2026-07-11 21:02:57,872 [INFO] scrapers.lots: lots[110001]: tea-coffee-cold-drinks/coffee-instant-premix (menuId=165, storeCode=101) -> 38 products
2026-07-11 21:03:13,488 [INFO] scrapers.lots: lots[110001]: instant-packaged-food/noodles (menuId=149, storeCode=101) -> 118 products
2026-07-11 21:03:24,931 [INFO] scrapers.lots: lots[110001]: instant-packaged-food/pasta (menuId=150, storeCode=101) -> 44 products
2026-07-11 21:03:44,171 [INFO] scrapers.lots: lots[110001]: sauces-spreads-cooking-essentials/sauces-vinegar (menuId=159, storeCode=101) -> 180 products
2026-07-11 21:03:55,514 [INFO] scrapers.lots: lots[110001]: sauces-spreads-cooking-essentials/pickles (menuId=158, storeCode=101) -> 28 products
2026-07-11 21:04:06,905 [INFO] scrapers.lots: lots[110001]: cleaning-laundry/dishwash (menuId=110, storeCode=101) -> 40 products
2026-07-11 21:04:24,221 [INFO] scrapers.lots: lots[110001]: cleaning-laundry/fabric-care (menuId=111, storeCode=101) -> 112 products
2026-07-11 21:04:39,358 [INFO] scrapers.lots: lots[110001]: hair-body-care/soaps-body-wash (menuId=141, storeCode=101) -> 120 products
2026-07-11 21:04:42,867 [WARNING] scrapers.lots: lots: store locator returned 404 for pincode 560001 -- no public pincode->store lookup is confirmed to exist for this site (see scrapers/lots.py docstring); falling back to default store 101
2026-07-11 21:04:59,445 [INFO] scrapers.lots: lots[560001]: foodgrains-oil-masala/dals-pulses- (menuId=130, storeCode=101) -> 129 products
2026-07-11 21:05:11,140 [INFO] scrapers.lots: lots[560001]: foodgrains-oil-masala/atta-maida-sooji (menuId=128, storeCode=101) -> 59 products
2026-07-11 21:05:26,679 [INFO] scrapers.lots: lots[560001]: foodgrains-oil-masala/cooking-oil-ghee (menuId=129, storeCode=101) -> 102 products
2026-07-11 21:05:44,111 [INFO] scrapers.lots: lots[560001]: foodgrains-oil-masala/dry-fruits (menuId=131, storeCode=101) -> 111 products
2026-07-11 21:06:14,466 [INFO] scrapers.lots: lots[560001]: foodgrains-oil-masala/rice-poha (menuId=133, storeCode=101) -> 85 products
2026-07-11 21:06:25,897 [INFO] scrapers.lots: lots[560001]: foodgrains-oil-masala/salt-sugar (menuId=134, storeCode=101) -> 40 products
2026-07-11 21:06:46,868 [INFO] scrapers.lots: lots[560001]: foodgrains-oil-masala/spices-masale- (menuId=135, storeCode=101) -> 180 products
2026-07-11 21:07:03,446 [INFO] scrapers.lots: lots[560001]: dairy-fresh-frozen/milk-dahi (menuId=124, storeCode=101) -> 62 products
2026-07-11 21:07:18,690 [INFO] scrapers.lots: lots[560001]: dairy-fresh-frozen/butter-Chesse (menuId=118, storeCode=101) -> 93 products
2026-07-11 21:07:30,174 [INFO] scrapers.lots: lots[560001]: dairy-fresh-frozen/fruits-vegetables/fruits (menuId=100711, storeCode=101) -> 41 products
2026-07-11 21:07:45,417 [INFO] scrapers.lots: lots[560001]: dairy-fresh-frozen/fruits-vegetables/vegetables (menuId=100712, storeCode=101) -> 109 products
2026-07-11 21:08:07,432 [INFO] scrapers.lots: lots[560001]: biscuits-snacks-chocolates/chocolates (menuId=106, storeCode=101) -> 165 products
2026-07-11 21:08:27,085 [INFO] scrapers.lots: lots[560001]: biscuits-snacks-chocolates/namkeen (menuId=107, storeCode=101) -> 180 products
2026-07-11 21:08:47,336 [INFO] scrapers.lots: lots[560001]: biscuits-snacks-chocolates/biscuits-cookies (menuId=103, storeCode=101) -> 180 products
2026-07-11 21:09:04,417 [INFO] scrapers.lots: lots[560001]: tea-coffee-cold-drinks/tea (menuId=170, storeCode=101) -> 66 products
2026-07-11 21:09:15,937 [INFO] scrapers.lots: lots[560001]: tea-coffee-cold-drinks/coffee-instant-premix (menuId=165, storeCode=101) -> 38 products
2026-07-11 21:09:32,170 [INFO] scrapers.lots: lots[560001]: instant-packaged-food/noodles (menuId=149, storeCode=101) -> 118 products
2026-07-11 21:09:45,273 [INFO] scrapers.lots: lots[560001]: instant-packaged-food/pasta (menuId=150, storeCode=101) -> 44 products
2026-07-11 21:10:04,591 [INFO] scrapers.lots: lots[560001]: sauces-spreads-cooking-essentials/sauces-vinegar (menuId=159, storeCode=101) -> 180 products
2026-07-11 21:10:20,079 [INFO] scrapers.lots: lots[560001]: sauces-spreads-cooking-essentials/pickles (menuId=158, storeCode=101) -> 28 products
2026-07-11 21:10:31,680 [INFO] scrapers.lots: lots[560001]: cleaning-laundry/dishwash (menuId=110, storeCode=101) -> 40 products
2026-07-11 21:10:50,577 [INFO] scrapers.lots: lots[560001]: cleaning-laundry/fabric-care (menuId=111, storeCode=101) -> 112 products
2026-07-11 21:11:06,342 [INFO] scrapers.lots: lots[560001]: hair-body-care/soaps-body-wash (menuId=141, storeCode=101) -> 120 products
2026-07-11 21:11:09,821 [INFO] main: lots: stored 4564 products
2026-07-11 21:11:10,156 [INFO] main: Canonical grouping: 3965 groups across 6313 products
2026-07-11 21:11:10,159 [INFO] main: Run complete. Total products upserted: 6313
2026-07-12 04:29:32,838 [INFO] scrapers.hyperpure: hyperpure: https://www.hyperpure.com/in/hyperpure -> 20 products
2026-07-12 04:29:36,519 [INFO] scrapers.hyperpure: hyperpure: https://www.hyperpure.com/in/packaging-material -> 20 products
2026-07-12 04:29:40,014 [INFO] scrapers.hyperpure: hyperpure: https://www.hyperpure.com/in/atta-maida-sooji -> 20 products
2026-07-12 04:29:43,547 [INFO] scrapers.hyperpure: hyperpure: https://www.hyperpure.com/in/butter -> 20 products
2026-07-12 04:29:47,003 [INFO] scrapers.hyperpure: hyperpure: https://www.hyperpure.com/in/cashews1 -> 20 products
2026-07-12 04:29:50,499 [INFO] scrapers.hyperpure: hyperpure: https://www.hyperpure.com/in/cheese -> 20 products
2026-07-12 04:29:54,005 [INFO] scrapers.hyperpure: hyperpure: https://www.hyperpure.com/in/chicken-breast-boneless -> 9 products
2026-07-12 04:29:57,415 [INFO] scrapers.hyperpure: hyperpure: https://www.hyperpure.com/in/corn-flour-besan-others -> 20 products
2026-07-12 04:30:00,833 [INFO] scrapers.hyperpure: hyperpure: https://www.hyperpure.com/in/cream -> 11 products
2026-07-12 04:30:04,296 [INFO] scrapers.hyperpure: hyperpure: https://www.hyperpure.com/in/curd -> 20 products
2026-07-12 04:30:07,791 [INFO] scrapers.hyperpure: hyperpure: https://www.hyperpure.com/in/edible-oils -> 20 products
2026-07-12 04:30:11,258 [INFO] scrapers.hyperpure: hyperpure: https://www.hyperpure.com/in/eggs -> 7 products
2026-07-12 04:30:14,706 [INFO] scrapers.hyperpure: hyperpure: https://www.hyperpure.com/in/ghee -> 20 products
2026-07-12 04:30:18,234 [INFO] scrapers.hyperpure: hyperpure: https://www.hyperpure.com/in/ketchup-puree-pastes -> 20 products
2026-07-12 04:30:21,588 [INFO] scrapers.hyperpure: hyperpure: https://www.hyperpure.com/in/milk-milk-powder -> 16 products
2026-07-12 04:30:25,080 [INFO] scrapers.hyperpure: hyperpure: https://www.hyperpure.com/in/paneer -> 20 products
2026-07-12 04:30:28,558 [INFO] scrapers.hyperpure: hyperpure: https://www.hyperpure.com/in/pasta-noodles -> 20 products
2026-07-12 04:30:32,513 [INFO] scrapers.hyperpure: hyperpure: https://www.hyperpure.com/in/rice-rice-products -> 20 products
2026-07-12 04:30:35,957 [INFO] scrapers.hyperpure: hyperpure: https://www.hyperpure.com/in/salts-sugars -> 20 products
2026-07-12 04:30:39,462 [INFO] scrapers.hyperpure: hyperpure: https://www.hyperpure.com/in/tea-and-coffee -> 20 products
2026-07-12 04:30:42,725 [INFO] scrapers.hyperpure: hyperpure: https://www.hyperpure.com/in/tomato-onion-potato -> 0 products
2026-07-12 04:30:45,942 [INFO] scrapers.hyperpure: hyperpure: https://www.hyperpure.com/in/urad-rajma-other-dal -> 0 products
2026-07-12 04:30:48,997 [INFO] main: hyperpure: stored 363 products
2026-07-12 04:30:50,313 [WARNING] scrapers.bigbasket: bigbasket: set_location(110001) did not verifiably change city (status=404, _bb_cid before=1 after=1) -- continuing with the anonymous default city instead of a silent guess
2026-07-12 04:30:51,909 [INFO] scrapers.bigbasket: bigbasket[110001]: https://www.bigbasket.com/pc/fruits-vegetables/fresh-fruits/ -> 75 products
2026-07-12 04:30:56,166 [INFO] scrapers.bigbasket: bigbasket[110001]: https://www.bigbasket.com/pc/fruits-vegetables/fresh-vegetables/ -> 131 products
2026-07-12 04:30:59,990 [INFO] scrapers.bigbasket: bigbasket[110001]: https://www.bigbasket.com/pc/fruits-vegetables/exotic-fruits-veggies/ -> 80 products
2026-07-12 04:31:05,175 [INFO] scrapers.bigbasket: bigbasket[110001]: https://www.bigbasket.com/pc/fruits-vegetables/herbs-seasonings/ -> 92 products
2026-07-12 04:31:10,100 [INFO] scrapers.bigbasket: bigbasket[110001]: https://www.bigbasket.com/pc/foodgrains-oil-masala/atta-flours-sooji/ -> 109 products
2026-07-12 04:31:15,672 [INFO] scrapers.bigbasket: bigbasket[110001]: https://www.bigbasket.com/pc/foodgrains-oil-masala/dals-pulses/ -> 135 products
2026-07-12 04:31:21,221 [INFO] scrapers.bigbasket: bigbasket[110001]: https://www.bigbasket.com/pc/foodgrains-oil-masala/dry-fruits/ -> 114 products
2026-07-12 04:31:26,209 [INFO] scrapers.bigbasket: bigbasket[110001]: https://www.bigbasket.com/pc/foodgrains-oil-masala/edible-oils-ghee/ -> 110 products
2026-07-12 04:31:31,176 [INFO] scrapers.bigbasket: bigbasket[110001]: https://www.bigbasket.com/pc/foodgrains-oil-masala/rice-rice-products/ -> 153 products
2026-07-12 04:31:35,736 [INFO] scrapers.bigbasket: bigbasket[110001]: https://www.bigbasket.com/pc/foodgrains-oil-masala/salt-sugar-jaggery/ -> 107 products
2026-07-12 04:31:41,050 [INFO] scrapers.bigbasket: bigbasket[110001]: https://www.bigbasket.com/pc/bakery-cakes-dairy/dairy/ -> 107 products
2026-07-12 04:31:45,673 [INFO] scrapers.bigbasket: bigbasket[110001]: https://www.bigbasket.com/pc/beauty-hygiene/health-medicine/ -> 80 products
2026-07-12 04:31:49,777 [INFO] scrapers.bigbasket: bigbasket[110001]: https://www.bigbasket.com/pc/kitchen-garden-pets/pet-food-accessories/ -> 93 products
2026-07-12 04:31:53,888 [WARNING] scrapers.bigbasket: bigbasket: set_location(560001) did not verifiably change city (status=404, _bb_cid before=1 after=1) -- continuing with the anonymous default city instead of a silent guess
2026-07-12 04:31:55,106 [INFO] scrapers.bigbasket: bigbasket[560001]: https://www.bigbasket.com/pc/fruits-vegetables/fresh-fruits/ -> 75 products
2026-07-12 04:32:00,212 [INFO] scrapers.bigbasket: bigbasket[560001]: https://www.bigbasket.com/pc/fruits-vegetables/fresh-vegetables/ -> 131 products
2026-07-12 04:32:04,342 [INFO] scrapers.bigbasket: bigbasket[560001]: https://www.bigbasket.com/pc/fruits-vegetables/exotic-fruits-veggies/ -> 80 products
2026-07-12 04:32:08,301 [INFO] scrapers.bigbasket: bigbasket[560001]: https://www.bigbasket.com/pc/fruits-vegetables/herbs-seasonings/ -> 92 products
2026-07-12 04:32:12,829 [INFO] scrapers.bigbasket: bigbasket[560001]: https://www.bigbasket.com/pc/foodgrains-oil-masala/atta-flours-sooji/ -> 109 products
2026-07-12 04:32:17,351 [INFO] scrapers.bigbasket: bigbasket[560001]: https://www.bigbasket.com/pc/foodgrains-oil-masala/dals-pulses/ -> 135 products
2026-07-12 04:32:21,612 [INFO] scrapers.bigbasket: bigbasket[560001]: https://www.bigbasket.com/pc/foodgrains-oil-masala/dry-fruits/ -> 114 products
2026-07-12 04:32:25,652 [INFO] scrapers.bigbasket: bigbasket[560001]: https://www.bigbasket.com/pc/foodgrains-oil-masala/edible-oils-ghee/ -> 110 products
2026-07-12 04:32:30,585 [INFO] scrapers.bigbasket: bigbasket[560001]: https://www.bigbasket.com/pc/foodgrains-oil-masala/rice-rice-products/ -> 153 products
2026-07-12 04:32:35,275 [INFO] scrapers.bigbasket: bigbasket[560001]: https://www.bigbasket.com/pc/foodgrains-oil-masala/salt-sugar-jaggery/ -> 107 products
2026-07-12 04:32:40,213 [INFO] scrapers.bigbasket: bigbasket[560001]: https://www.bigbasket.com/pc/bakery-cakes-dairy/dairy/ -> 107 products
2026-07-12 04:32:44,751 [INFO] scrapers.bigbasket: bigbasket[560001]: https://www.bigbasket.com/pc/beauty-hygiene/health-medicine/ -> 80 products
2026-07-12 04:32:48,867 [INFO] scrapers.bigbasket: bigbasket[560001]: https://www.bigbasket.com/pc/kitchen-garden-pets/pet-food-accessories/ -> 93 products
2026-07-12 04:32:52,952 [WARNING] scrapers.bigbasket: bigbasket: set_location(400001) did not verifiably change city (status=404, _bb_cid before=1 after=1) -- continuing with the anonymous default city instead of a silent guess
2026-07-12 04:32:54,176 [INFO] scrapers.bigbasket: bigbasket[400001]: https://www.bigbasket.com/pc/fruits-vegetables/fresh-fruits/ -> 75 products
2026-07-12 04:32:58,402 [INFO] scrapers.bigbasket: bigbasket[400001]: https://www.bigbasket.com/pc/fruits-vegetables/fresh-vegetables/ -> 131 products
2026-07-12 04:33:02,403 [INFO] scrapers.bigbasket: bigbasket[400001]: https://www.bigbasket.com/pc/fruits-vegetables/exotic-fruits-veggies/ -> 80 products
2026-07-12 04:33:06,321 [INFO] scrapers.bigbasket: bigbasket[400001]: https://www.bigbasket.com/pc/fruits-vegetables/herbs-seasonings/ -> 92 products
2026-07-12 04:33:10,629 [INFO] scrapers.bigbasket: bigbasket[400001]: https://www.bigbasket.com/pc/foodgrains-oil-masala/atta-flours-sooji/ -> 109 products
2026-07-12 04:33:15,059 [INFO] scrapers.bigbasket: bigbasket[400001]: https://www.bigbasket.com/pc/foodgrains-oil-masala/dals-pulses/ -> 135 products
2026-07-12 04:33:19,539 [INFO] scrapers.bigbasket: bigbasket[400001]: https://www.bigbasket.com/pc/foodgrains-oil-masala/dry-fruits/ -> 114 products
2026-07-12 04:33:23,959 [INFO] scrapers.bigbasket: bigbasket[400001]: https://www.bigbasket.com/pc/foodgrains-oil-masala/edible-oils-ghee/ -> 110 products
2026-07-12 04:33:28,380 [INFO] scrapers.bigbasket: bigbasket[400001]: https://www.bigbasket.com/pc/foodgrains-oil-masala/rice-rice-products/ -> 153 products
2026-07-12 04:33:33,029 [INFO] scrapers.bigbasket: bigbasket[400001]: https://www.bigbasket.com/pc/foodgrains-oil-masala/salt-sugar-jaggery/ -> 107 products
2026-07-12 04:33:37,451 [INFO] scrapers.bigbasket: bigbasket[400001]: https://www.bigbasket.com/pc/bakery-cakes-dairy/dairy/ -> 107 products
2026-07-12 04:33:41,359 [INFO] scrapers.bigbasket: bigbasket[400001]: https://www.bigbasket.com/pc/beauty-hygiene/health-medicine/ -> 80 products
2026-07-12 04:33:45,264 [INFO] scrapers.bigbasket: bigbasket[400001]: https://www.bigbasket.com/pc/kitchen-garden-pets/pet-food-accessories/ -> 93 products
2026-07-12 04:33:48,425 [INFO] main: bigbasket: stored 1386 products
2026-07-12 04:33:49,229 [INFO] scrapers.deliverit: deliverit: discovered 0 product URLs to scrape this run
2026-07-12 04:33:49,238 [INFO] main: deliverit: stored 0 products
2026-07-12 04:33:49,717 [WARNING] scrapers.lots: lots: store locator returned 404 for pincode 110001 -- no public pincode->store lookup is confirmed to exist for this site (see scrapers/lots.py docstring); falling back to default store 101
2026-07-12 04:34:06,506 [INFO] scrapers.lots: lots[110001]: foodgrains-oil-masala/dals-pulses- (menuId=130, storeCode=101) -> 129 products
2026-07-12 04:34:18,635 [INFO] scrapers.lots: lots[110001]: foodgrains-oil-masala/atta-maida-sooji (menuId=128, storeCode=101) -> 59 products
2026-07-12 04:34:34,297 [INFO] scrapers.lots: lots[110001]: foodgrains-oil-masala/cooking-oil-ghee (menuId=129, storeCode=101) -> 102 products
2026-07-12 04:34:49,937 [INFO] scrapers.lots: lots[110001]: foodgrains-oil-masala/dry-fruits (menuId=131, storeCode=101) -> 111 products
2026-07-12 04:35:05,412 [INFO] scrapers.lots: lots[110001]: foodgrains-oil-masala/rice-poha (menuId=133, storeCode=101) -> 85 products
2026-07-12 04:35:32,295 [INFO] scrapers.lots: lots[110001]: foodgrains-oil-masala/salt-sugar (menuId=134, storeCode=101) -> 40 products
2026-07-12 04:35:52,635 [INFO] scrapers.lots: lots[110001]: foodgrains-oil-masala/spices-masale- (menuId=135, storeCode=101) -> 180 products
2026-07-12 04:36:09,002 [INFO] scrapers.lots: lots[110001]: dairy-fresh-frozen/milk-dahi (menuId=124, storeCode=101) -> 62 products
2026-07-12 04:36:25,272 [INFO] scrapers.lots: lots[110001]: dairy-fresh-frozen/butter-Chesse (menuId=118, storeCode=101) -> 93 products
2026-07-12 04:36:37,293 [INFO] scrapers.lots: lots[110001]: dairy-fresh-frozen/fruits-vegetables/fruits (menuId=100711, storeCode=101) -> 41 products
2026-07-12 04:37:08,566 [INFO] scrapers.lots: lots[110001]: dairy-fresh-frozen/fruits-vegetables/vegetables (menuId=100712, storeCode=101) -> 109 products
2026-07-12 04:37:27,810 [INFO] scrapers.lots: lots[110001]: biscuits-snacks-chocolates/chocolates (menuId=106, storeCode=101) -> 165 products
2026-07-12 04:37:49,157 [INFO] scrapers.lots: lots[110001]: biscuits-snacks-chocolates/namkeen (menuId=107, storeCode=101) -> 177 products
2026-07-12 04:38:11,706 [INFO] scrapers.lots: lots[110001]: biscuits-snacks-chocolates/biscuits-cookies (menuId=103, storeCode=101) -> 180 products
2026-07-12 04:38:26,964 [INFO] scrapers.lots: lots[110001]: tea-coffee-cold-drinks/tea (menuId=170, storeCode=101) -> 66 products
2026-07-12 04:38:38,575 [INFO] scrapers.lots: lots[110001]: tea-coffee-cold-drinks/coffee-instant-premix (menuId=165, storeCode=101) -> 38 products
2026-07-12 04:38:53,889 [INFO] scrapers.lots: lots[110001]: instant-packaged-food/noodles (menuId=149, storeCode=101) -> 118 products
2026-07-12 04:39:05,599 [INFO] scrapers.lots: lots[110001]: instant-packaged-food/pasta (menuId=150, storeCode=101) -> 44 products
2026-07-12 04:39:27,083 [INFO] scrapers.lots: lots[110001]: sauces-spreads-cooking-essentials/sauces-vinegar (menuId=159, storeCode=101) -> 180 products
2026-07-12 04:39:38,805 [INFO] scrapers.lots: lots[110001]: sauces-spreads-cooking-essentials/pickles (menuId=158, storeCode=101) -> 28 products
2026-07-12 04:39:50,460 [INFO] scrapers.lots: lots[110001]: cleaning-laundry/dishwash (menuId=110, storeCode=101) -> 40 products
2026-07-12 04:40:07,417 [INFO] scrapers.lots: lots[110001]: cleaning-laundry/fabric-care (menuId=111, storeCode=101) -> 112 products
2026-07-12 04:40:24,108 [INFO] scrapers.lots: lots[110001]: hair-body-care/soaps-body-wash (menuId=141, storeCode=101) -> 120 products
2026-07-12 04:40:27,639 [WARNING] scrapers.lots: lots: store locator returned 404 for pincode 560001 -- no public pincode->store lookup is confirmed to exist for this site (see scrapers/lots.py docstring); falling back to default store 101
2026-07-12 04:40:44,646 [INFO] scrapers.lots: lots[560001]: foodgrains-oil-masala/dals-pulses- (menuId=130, storeCode=101) -> 129 products
2026-07-12 04:40:57,109 [INFO] scrapers.lots: lots[560001]: foodgrains-oil-masala/atta-maida-sooji (menuId=128, storeCode=101) -> 59 products
2026-07-12 04:41:13,095 [INFO] scrapers.lots: lots[560001]: foodgrains-oil-masala/cooking-oil-ghee (menuId=129, storeCode=101) -> 102 products
2026-07-12 04:41:44,098 [INFO] scrapers.lots: lots[560001]: foodgrains-oil-masala/dry-fruits (menuId=131, storeCode=101) -> 111 products
2026-07-12 04:41:59,837 [INFO] scrapers.lots: lots[560001]: foodgrains-oil-masala/rice-poha (menuId=133, storeCode=101) -> 85 products
2026-07-12 04:42:11,293 [INFO] scrapers.lots: lots[560001]: foodgrains-oil-masala/salt-sugar (menuId=134, storeCode=101) -> 40 products
2026-07-12 04:42:31,437 [INFO] scrapers.lots: lots[560001]: foodgrains-oil-masala/spices-masale- (menuId=135, storeCode=101) -> 180 products
2026-07-12 04:42:48,181 [INFO] scrapers.lots: lots[560001]: dairy-fresh-frozen/milk-dahi (menuId=124, storeCode=101) -> 62 products
2026-07-12 04:43:04,176 [INFO] scrapers.lots: lots[560001]: dairy-fresh-frozen/butter-Chesse (menuId=118, storeCode=101) -> 93 products
2026-07-12 04:43:17,239 [INFO] scrapers.lots: lots[560001]: dairy-fresh-frozen/fruits-vegetables/fruits (menuId=100711, storeCode=101) -> 41 products
2026-07-12 04:43:33,971 [INFO] scrapers.lots: lots[560001]: dairy-fresh-frozen/fruits-vegetables/vegetables (menuId=100712, storeCode=101) -> 109 products
2026-07-12 04:43:54,156 [INFO] scrapers.lots: lots[560001]: biscuits-snacks-chocolates/chocolates (menuId=106, storeCode=101) -> 165 products
2026-07-12 04:44:18,246 [INFO] scrapers.lots: lots[560001]: biscuits-snacks-chocolates/namkeen (menuId=107, storeCode=101) -> 177 products
2026-07-12 04:44:39,580 [INFO] scrapers.lots: lots[560001]: biscuits-snacks-chocolates/biscuits-cookies (menuId=103, storeCode=101) -> 180 products
2026-07-12 04:44:55,889 [INFO] scrapers.lots: lots[560001]: tea-coffee-cold-drinks/tea (menuId=170, storeCode=101) -> 66 products
2026-07-12 04:45:08,990 [INFO] scrapers.lots: lots[560001]: tea-coffee-cold-drinks/coffee-instant-premix (menuId=165, storeCode=101) -> 38 products
2026-07-12 04:45:25,205 [INFO] scrapers.lots: lots[560001]: instant-packaged-food/noodles (menuId=149, storeCode=101) -> 118 products
2026-07-12 04:45:36,864 [INFO] scrapers.lots: lots[560001]: instant-packaged-food/pasta (menuId=150, storeCode=101) -> 44 products
2026-07-12 04:45:59,372 [INFO] scrapers.lots: lots[560001]: sauces-spreads-cooking-essentials/sauces-vinegar (menuId=159, storeCode=101) -> 180 products
2026-07-12 04:46:10,630 [INFO] scrapers.lots: lots[560001]: sauces-spreads-cooking-essentials/pickles (menuId=158, storeCode=101) -> 28 products
2026-07-12 04:46:22,213 [INFO] scrapers.lots: lots[560001]: cleaning-laundry/dishwash (menuId=110, storeCode=101) -> 40 products
2026-07-12 04:46:39,506 [INFO] scrapers.lots: lots[560001]: cleaning-laundry/fabric-care (menuId=111, storeCode=101) -> 112 products
2026-07-12 04:46:54,883 [INFO] scrapers.lots: lots[560001]: hair-body-care/soaps-body-wash (menuId=141, storeCode=101) -> 120 products
2026-07-12 04:46:58,460 [INFO] main: lots: stored 4558 products
2026-07-12 04:46:58,826 [INFO] main: Canonical grouping: 3966 groups across 6307 products
2026-07-12 04:46:58,827 [INFO] main: Run complete. Total products upserted: 6307
2026-07-13 04:33:09,432 [INFO] scrapers.hyperpure: hyperpure: https://www.hyperpure.com/in/hyperpure -> 20 products
2026-07-13 04:33:12,980 [INFO] scrapers.hyperpure: hyperpure: https://www.hyperpure.com/in/packaging-material -> 20 products
2026-07-13 04:33:16,756 [INFO] scrapers.hyperpure: hyperpure: https://www.hyperpure.com/in/atta-maida-sooji -> 20 products
2026-07-13 04:33:20,154 [INFO] scrapers.hyperpure: hyperpure: https://www.hyperpure.com/in/butter -> 20 products
2026-07-13 04:33:23,616 [INFO] scrapers.hyperpure: hyperpure: https://www.hyperpure.com/in/cashews1 -> 20 products
2026-07-13 04:33:26,988 [INFO] scrapers.hyperpure: hyperpure: https://www.hyperpure.com/in/cheese -> 20 products
2026-07-13 04:33:30,355 [INFO] scrapers.hyperpure: hyperpure: https://www.hyperpure.com/in/chicken-breast-boneless -> 9 products
2026-07-13 04:33:33,790 [INFO] scrapers.hyperpure: hyperpure: https://www.hyperpure.com/in/corn-flour-besan-others -> 20 products
2026-07-13 04:33:37,189 [INFO] scrapers.hyperpure: hyperpure: https://www.hyperpure.com/in/cream -> 11 products
2026-07-13 04:33:40,666 [INFO] scrapers.hyperpure: hyperpure: https://www.hyperpure.com/in/curd -> 20 products
2026-07-13 04:33:44,162 [INFO] scrapers.hyperpure: hyperpure: https://www.hyperpure.com/in/edible-oils -> 20 products
2026-07-13 04:33:47,503 [INFO] scrapers.hyperpure: hyperpure: https://www.hyperpure.com/in/eggs -> 7 products
2026-07-13 04:33:50,940 [INFO] scrapers.hyperpure: hyperpure: https://www.hyperpure.com/in/ghee -> 20 products
2026-07-13 04:33:54,420 [INFO] scrapers.hyperpure: hyperpure: https://www.hyperpure.com/in/ketchup-puree-pastes -> 20 products
2026-07-13 04:33:58,070 [INFO] scrapers.hyperpure: hyperpure: https://www.hyperpure.com/in/milk-milk-powder -> 16 products
2026-07-13 04:34:01,546 [INFO] scrapers.hyperpure: hyperpure: https://www.hyperpure.com/in/paneer -> 20 products
2026-07-13 04:34:05,088 [INFO] scrapers.hyperpure: hyperpure: https://www.hyperpure.com/in/pasta-noodles -> 20 products
2026-07-13 04:34:08,623 [INFO] scrapers.hyperpure: hyperpure: https://www.hyperpure.com/in/rice-rice-products -> 20 products
2026-07-13 04:34:12,085 [INFO] scrapers.hyperpure: hyperpure: https://www.hyperpure.com/in/salts-sugars -> 20 products
2026-07-13 04:34:15,499 [INFO] scrapers.hyperpure: hyperpure: https://www.hyperpure.com/in/tea-and-coffee -> 20 products
2026-07-13 04:34:18,812 [INFO] scrapers.hyperpure: hyperpure: https://www.hyperpure.com/in/tomato-onion-potato -> 0 products
2026-07-13 04:34:22,094 [INFO] scrapers.hyperpure: hyperpure: https://www.hyperpure.com/in/urad-rajma-other-dal -> 0 products
2026-07-13 04:34:25,173 [INFO] main: hyperpure: stored 363 products
2026-07-13 04:34:26,377 [WARNING] scrapers.bigbasket: bigbasket: set_location(110001) did not verifiably change city (status=404, _bb_cid before=1 after=1) -- continuing with the anonymous default city instead of a silent guess
2026-07-13 04:34:27,737 [INFO] scrapers.bigbasket: bigbasket[110001]: https://www.bigbasket.com/pc/fruits-vegetables/fresh-fruits/ -> 75 products
2026-07-13 04:34:31,666 [INFO] scrapers.bigbasket: bigbasket[110001]: https://www.bigbasket.com/pc/fruits-vegetables/fresh-vegetables/ -> 131 products
2026-07-13 04:34:36,262 [INFO] scrapers.bigbasket: bigbasket[110001]: https://www.bigbasket.com/pc/fruits-vegetables/exotic-fruits-veggies/ -> 80 products
2026-07-13 04:34:42,007 [INFO] scrapers.bigbasket: bigbasket[110001]: https://www.bigbasket.com/pc/fruits-vegetables/herbs-seasonings/ -> 92 products
2026-07-13 04:34:46,918 [INFO] scrapers.bigbasket: bigbasket[110001]: https://www.bigbasket.com/pc/foodgrains-oil-masala/atta-flours-sooji/ -> 109 products
2026-07-13 04:34:51,546 [INFO] scrapers.bigbasket: bigbasket[110001]: https://www.bigbasket.com/pc/foodgrains-oil-masala/dals-pulses/ -> 135 products
2026-07-13 04:34:55,493 [INFO] scrapers.bigbasket: bigbasket[110001]: https://www.bigbasket.com/pc/foodgrains-oil-masala/dry-fruits/ -> 114 products
2026-07-13 04:35:01,237 [INFO] scrapers.bigbasket: bigbasket[110001]: https://www.bigbasket.com/pc/foodgrains-oil-masala/edible-oils-ghee/ -> 110 products
2026-07-13 04:35:06,132 [INFO] scrapers.bigbasket: bigbasket[110001]: https://www.bigbasket.com/pc/foodgrains-oil-masala/rice-rice-products/ -> 153 products
2026-07-13 04:35:10,597 [INFO] scrapers.bigbasket: bigbasket[110001]: https://www.bigbasket.com/pc/foodgrains-oil-masala/salt-sugar-jaggery/ -> 107 products
2026-07-13 04:35:15,285 [INFO] scrapers.bigbasket: bigbasket[110001]: https://www.bigbasket.com/pc/bakery-cakes-dairy/dairy/ -> 107 products
2026-07-13 04:35:19,671 [INFO] scrapers.bigbasket: bigbasket[110001]: https://www.bigbasket.com/pc/beauty-hygiene/health-medicine/ -> 81 products
2026-07-13 04:35:24,606 [INFO] scrapers.bigbasket: bigbasket[110001]: https://www.bigbasket.com/pc/kitchen-garden-pets/pet-food-accessories/ -> 94 products
2026-07-13 04:35:29,927 [WARNING] scrapers.bigbasket: bigbasket: set_location(560001) did not verifiably change city (status=404, _bb_cid before=1 after=1) -- continuing with the anonymous default city instead of a silent guess
2026-07-13 04:35:31,224 [INFO] scrapers.bigbasket: bigbasket[560001]: https://www.bigbasket.com/pc/fruits-vegetables/fresh-fruits/ -> 75 products
2026-07-13 04:35:35,037 [INFO] scrapers.bigbasket: bigbasket[560001]: https://www.bigbasket.com/pc/fruits-vegetables/fresh-vegetables/ -> 131 products
2026-07-13 04:35:39,137 [INFO] scrapers.bigbasket: bigbasket[560001]: https://www.bigbasket.com/pc/fruits-vegetables/exotic-fruits-veggies/ -> 80 products
2026-07-13 04:35:43,130 [INFO] scrapers.bigbasket: bigbasket[560001]: https://www.bigbasket.com/pc/fruits-vegetables/herbs-seasonings/ -> 92 products
2026-07-13 04:35:47,025 [INFO] scrapers.bigbasket: bigbasket[560001]: https://www.bigbasket.com/pc/foodgrains-oil-masala/atta-flours-sooji/ -> 109 products
2026-07-13 04:35:51,267 [INFO] scrapers.bigbasket: bigbasket[560001]: https://www.bigbasket.com/pc/foodgrains-oil-masala/dals-pulses/ -> 135 products
2026-07-13 04:35:55,050 [INFO] scrapers.bigbasket: bigbasket[560001]: https://www.bigbasket.com/pc/foodgrains-oil-masala/dry-fruits/ -> 114 products
2026-07-13 04:35:59,014 [INFO] scrapers.bigbasket: bigbasket[560001]: https://www.bigbasket.com/pc/foodgrains-oil-masala/edible-oils-ghee/ -> 110 products
2026-07-13 04:36:03,410 [INFO] scrapers.bigbasket: bigbasket[560001]: https://www.bigbasket.com/pc/foodgrains-oil-masala/rice-rice-products/ -> 153 products
2026-07-13 04:36:07,550 [INFO] scrapers.bigbasket: bigbasket[560001]: https://www.bigbasket.com/pc/foodgrains-oil-masala/salt-sugar-jaggery/ -> 107 products
2026-07-13 04:36:11,502 [INFO] scrapers.bigbasket: bigbasket[560001]: https://www.bigbasket.com/pc/bakery-cakes-dairy/dairy/ -> 107 products
2026-07-13 04:36:15,365 [INFO] scrapers.bigbasket: bigbasket[560001]: https://www.bigbasket.com/pc/beauty-hygiene/health-medicine/ -> 81 products
2026-07-13 04:36:19,461 [INFO] scrapers.bigbasket: bigbasket[560001]: https://www.bigbasket.com/pc/kitchen-garden-pets/pet-food-accessories/ -> 94 products
2026-07-13 04:36:23,630 [WARNING] scrapers.bigbasket: bigbasket: set_location(400001) did not verifiably change city (status=404, _bb_cid before=1 after=1) -- continuing with the anonymous default city instead of a silent guess
2026-07-13 04:36:24,706 [INFO] scrapers.bigbasket: bigbasket[400001]: https://www.bigbasket.com/pc/fruits-vegetables/fresh-fruits/ -> 75 products
2026-07-13 04:36:28,719 [INFO] scrapers.bigbasket: bigbasket[400001]: https://www.bigbasket.com/pc/fruits-vegetables/fresh-vegetables/ -> 131 products
2026-07-13 04:36:32,463 [INFO] scrapers.bigbasket: bigbasket[400001]: https://www.bigbasket.com/pc/fruits-vegetables/exotic-fruits-veggies/ -> 80 products
2026-07-13 04:36:36,259 [INFO] scrapers.bigbasket: bigbasket[400001]: https://www.bigbasket.com/pc/fruits-vegetables/herbs-seasonings/ -> 92 products
2026-07-13 04:36:40,460 [INFO] scrapers.bigbasket: bigbasket[400001]: https://www.bigbasket.com/pc/foodgrains-oil-masala/atta-flours-sooji/ -> 109 products
2026-07-13 04:36:44,496 [INFO] scrapers.bigbasket: bigbasket[400001]: https://www.bigbasket.com/pc/foodgrains-oil-masala/dals-pulses/ -> 135 products
2026-07-13 04:36:49,099 [INFO] scrapers.bigbasket: bigbasket[400001]: https://www.bigbasket.com/pc/foodgrains-oil-masala/dry-fruits/ -> 114 products
2026-07-13 04:36:53,044 [INFO] scrapers.bigbasket: bigbasket[400001]: https://www.bigbasket.com/pc/foodgrains-oil-masala/edible-oils-ghee/ -> 110 products
2026-07-13 04:36:57,174 [INFO] scrapers.bigbasket: bigbasket[400001]: https://www.bigbasket.com/pc/foodgrains-oil-masala/rice-rice-products/ -> 153 products
2026-07-13 04:37:01,303 [INFO] scrapers.bigbasket: bigbasket[400001]: https://www.bigbasket.com/pc/foodgrains-oil-masala/salt-sugar-jaggery/ -> 107 products
2026-07-13 04:37:05,615 [INFO] scrapers.bigbasket: bigbasket[400001]: https://www.bigbasket.com/pc/bakery-cakes-dairy/dairy/ -> 107 products
2026-07-13 04:37:09,827 [INFO] scrapers.bigbasket: bigbasket[400001]: https://www.bigbasket.com/pc/beauty-hygiene/health-medicine/ -> 81 products
2026-07-13 04:37:13,675 [INFO] scrapers.bigbasket: bigbasket[400001]: https://www.bigbasket.com/pc/kitchen-garden-pets/pet-food-accessories/ -> 94 products
2026-07-13 04:37:16,788 [INFO] main: bigbasket: stored 1388 products
2026-07-13 04:37:17,558 [INFO] scrapers.deliverit: deliverit: discovered 0 product URLs to scrape this run
2026-07-13 04:37:17,573 [INFO] main: deliverit: stored 0 products
2026-07-13 04:37:18,304 [WARNING] scrapers.lots: lots: store locator returned 404 for pincode 110001 -- no public pincode->store lookup is confirmed to exist for this site (see scrapers/lots.py docstring); falling back to default store 101
2026-07-13 04:37:34,545 [INFO] scrapers.lots: lots[110001]: foodgrains-oil-masala/dals-pulses- (menuId=130, storeCode=101) -> 129 products
2026-07-13 04:37:47,033 [INFO] scrapers.lots: lots[110001]: foodgrains-oil-masala/atta-maida-sooji (menuId=128, storeCode=101) -> 59 products
2026-07-13 04:38:02,498 [INFO] scrapers.lots: lots[110001]: foodgrains-oil-masala/cooking-oil-ghee (menuId=129, storeCode=101) -> 102 products
2026-07-13 04:38:18,424 [INFO] scrapers.lots: lots[110001]: foodgrains-oil-masala/dry-fruits (menuId=131, storeCode=101) -> 111 products
2026-07-13 04:38:34,355 [INFO] scrapers.lots: lots[110001]: foodgrains-oil-masala/rice-poha (menuId=133, storeCode=101) -> 85 products
2026-07-13 04:38:45,791 [INFO] scrapers.lots: lots[110001]: foodgrains-oil-masala/salt-sugar (menuId=134, storeCode=101) -> 40 products
2026-07-13 04:39:07,021 [INFO] scrapers.lots: lots[110001]: foodgrains-oil-masala/spices-masale- (menuId=135, storeCode=101) -> 180 products
2026-07-13 04:39:24,341 [INFO] scrapers.lots: lots[110001]: dairy-fresh-frozen/milk-dahi (menuId=124, storeCode=101) -> 62 products
2026-07-13 04:39:41,816 [INFO] scrapers.lots: lots[110001]: dairy-fresh-frozen/butter-Chesse (menuId=118, storeCode=101) -> 93 products
2026-07-13 04:39:53,649 [INFO] scrapers.lots: lots[110001]: dairy-fresh-frozen/fruits-vegetables/fruits (menuId=100711, storeCode=101) -> 41 products
2026-07-13 04:40:09,668 [INFO] scrapers.lots: lots[110001]: dairy-fresh-frozen/fruits-vegetables/vegetables (menuId=100712, storeCode=101) -> 109 products
2026-07-13 04:40:45,139 [INFO] scrapers.lots: lots[110001]: biscuits-snacks-chocolates/chocolates (menuId=106, storeCode=101) -> 165 products
2026-07-13 04:41:05,439 [INFO] scrapers.lots: lots[110001]: biscuits-snacks-chocolates/namkeen (menuId=107, storeCode=101) -> 179 products
2026-07-13 04:41:25,787 [INFO] scrapers.lots: lots[110001]: biscuits-snacks-chocolates/biscuits-cookies (menuId=103, storeCode=101) -> 180 products
2026-07-13 04:41:41,182 [INFO] scrapers.lots: lots[110001]: tea-coffee-cold-drinks/tea (menuId=170, storeCode=101) -> 66 products
2026-07-13 04:41:52,689 [INFO] scrapers.lots: lots[110001]: tea-coffee-cold-drinks/coffee-instant-premix (menuId=165, storeCode=101) -> 38 products
2026-07-13 04:42:09,669 [INFO] scrapers.lots: lots[110001]: instant-packaged-food/noodles (menuId=149, storeCode=101) -> 118 products
2026-07-13 04:42:21,751 [INFO] scrapers.lots: lots[110001]: instant-packaged-food/pasta (menuId=150, storeCode=101) -> 44 products
2026-07-13 04:42:41,861 [INFO] scrapers.lots: lots[110001]: sauces-spreads-cooking-essentials/sauces-vinegar (menuId=159, storeCode=101) -> 180 products
2026-07-13 04:43:08,394 [INFO] scrapers.lots: lots[110001]: sauces-spreads-cooking-essentials/pickles (menuId=158, storeCode=101) -> 28 products
2026-07-13 04:43:19,958 [INFO] scrapers.lots: lots[110001]: cleaning-laundry/dishwash (menuId=110, storeCode=101) -> 40 products
2026-07-13 04:43:35,593 [INFO] scrapers.lots: lots[110001]: cleaning-laundry/fabric-care (menuId=111, storeCode=101) -> 112 products
2026-07-13 04:43:51,231 [INFO] scrapers.lots: lots[110001]: hair-body-care/soaps-body-wash (menuId=141, storeCode=101) -> 120 products
2026-07-13 04:43:54,780 [WARNING] scrapers.lots: lots: store locator returned 404 for pincode 560001 -- no public pincode->store lookup is confirmed to exist for this site (see scrapers/lots.py docstring); falling back to default store 101
2026-07-13 04:44:11,760 [INFO] scrapers.lots: lots[560001]: foodgrains-oil-masala/dals-pulses- (menuId=130, storeCode=101) -> 129 products
2026-07-13 04:44:23,438 [INFO] scrapers.lots: lots[560001]: foodgrains-oil-masala/atta-maida-sooji (menuId=128, storeCode=101) -> 59 products
2026-07-13 04:44:39,485 [INFO] scrapers.lots: lots[560001]: foodgrains-oil-masala/cooking-oil-ghee (menuId=129, storeCode=101) -> 102 products
2026-07-13 04:44:55,295 [INFO] scrapers.lots: lots[560001]: foodgrains-oil-masala/dry-fruits (menuId=131, storeCode=101) -> 111 products
2026-07-13 04:45:11,179 [INFO] scrapers.lots: lots[560001]: foodgrains-oil-masala/rice-poha (menuId=133, storeCode=101) -> 84 products
2026-07-13 04:45:23,402 [INFO] scrapers.lots: lots[560001]: foodgrains-oil-masala/salt-sugar (menuId=134, storeCode=101) -> 40 products
2026-07-13 04:45:43,499 [INFO] scrapers.lots: lots[560001]: foodgrains-oil-masala/spices-masale- (menuId=135, storeCode=101) -> 180 products
2026-07-13 04:45:59,001 [INFO] scrapers.lots: lots[560001]: dairy-fresh-frozen/milk-dahi (menuId=124, storeCode=101) -> 62 products
2026-07-13 04:46:14,741 [INFO] scrapers.lots: lots[560001]: dairy-fresh-frozen/butter-Chesse (menuId=118, storeCode=101) -> 93 products
2026-07-13 04:46:29,357 [INFO] scrapers.lots: lots[560001]: dairy-fresh-frozen/fruits-vegetables/fruits (menuId=100711, storeCode=101) -> 41 products
2026-07-13 04:46:45,288 [INFO] scrapers.lots: lots[560001]: dairy-fresh-frozen/fruits-vegetables/vegetables (menuId=100712, storeCode=101) -> 109 products
2026-07-13 04:47:05,462 [INFO] scrapers.lots: lots[560001]: biscuits-snacks-chocolates/chocolates (menuId=106, storeCode=101) -> 165 products
2026-07-13 04:47:29,474 [INFO] scrapers.lots: lots[560001]: biscuits-snacks-chocolates/namkeen (menuId=107, storeCode=101) -> 179 products
2026-07-13 04:47:57,375 [INFO] scrapers.lots: lots[560001]: biscuits-snacks-chocolates/biscuits-cookies (menuId=103, storeCode=101) -> 180 products
2026-07-13 04:48:19,623 [INFO] scrapers.lots: lots[560001]: tea-coffee-cold-drinks/tea (menuId=170, storeCode=101) -> 66 products
2026-07-13 04:48:33,340 [INFO] scrapers.lots: lots[560001]: tea-coffee-cold-drinks/coffee-instant-premix (menuId=165, storeCode=101) -> 38 products
2026-07-13 04:49:04,139 [INFO] scrapers.lots: lots[560001]: instant-packaged-food/noodles (menuId=149, storeCode=101) -> 118 products
2026-07-13 04:49:15,497 [INFO] scrapers.lots: lots[560001]: instant-packaged-food/pasta (menuId=150, storeCode=101) -> 44 products
2026-07-13 04:49:35,357 [INFO] scrapers.lots: lots[560001]: sauces-spreads-cooking-essentials/sauces-vinegar (menuId=159, storeCode=101) -> 180 products
2026-07-13 04:49:46,697 [INFO] scrapers.lots: lots[560001]: sauces-spreads-cooking-essentials/pickles (menuId=158, storeCode=101) -> 28 products
2026-07-13 04:49:58,393 [INFO] scrapers.lots: lots[560001]: cleaning-laundry/dishwash (menuId=110, storeCode=101) -> 40 products
2026-07-13 04:50:14,334 [INFO] scrapers.lots: lots[560001]: cleaning-laundry/fabric-care (menuId=111, storeCode=101) -> 112 products
2026-07-13 04:50:30,399 [INFO] scrapers.lots: lots[560001]: hair-body-care/soaps-body-wash (menuId=141, storeCode=101) -> 120 products
2026-07-13 04:50:33,756 [INFO] main: lots: stored 4561 products
2026-07-13 04:50:34,045 [INFO] main: Canonical grouping: 3971 groups across 6312 products
2026-07-13 04:50:34,045 [INFO] main: Run complete. Total products upserted: 6312
2026-07-14 04:19:26,015 [INFO] scrapers.hyperpure: hyperpure: https://www.hyperpure.com/in/hyperpure -> 20 products
2026-07-14 04:19:29,979 [INFO] scrapers.hyperpure: hyperpure: https://www.hyperpure.com/in/packaging-material -> 20 products
2026-07-14 04:19:33,990 [INFO] scrapers.hyperpure: hyperpure: https://www.hyperpure.com/in/atta-maida-sooji -> 20 products
2026-07-14 04:19:37,371 [INFO] scrapers.hyperpure: hyperpure: https://www.hyperpure.com/in/butter -> 20 products
2026-07-14 04:19:41,093 [INFO] scrapers.hyperpure: hyperpure: https://www.hyperpure.com/in/cashews1 -> 20 products
2026-07-14 04:19:44,735 [INFO] scrapers.hyperpure: hyperpure: https://www.hyperpure.com/in/cheese -> 20 products
2026-07-14 04:19:48,522 [INFO] scrapers.hyperpure: hyperpure: https://www.hyperpure.com/in/chicken-breast-boneless -> 9 products
2026-07-14 04:19:52,104 [INFO] scrapers.hyperpure: hyperpure: https://www.hyperpure.com/in/corn-flour-besan-others -> 20 products
2026-07-14 04:19:55,628 [INFO] scrapers.hyperpure: hyperpure: https://www.hyperpure.com/in/cream -> 13 products
2026-07-14 04:19:59,335 [INFO] scrapers.hyperpure: hyperpure: https://www.hyperpure.com/in/curd -> 20 products
2026-07-14 04:20:02,881 [INFO] scrapers.hyperpure: hyperpure: https://www.hyperpure.com/in/edible-oils -> 20 products
2026-07-14 04:20:06,230 [INFO] scrapers.hyperpure: hyperpure: https://www.hyperpure.com/in/eggs -> 7 products
2026-07-14 04:20:09,908 [INFO] scrapers.hyperpure: hyperpure: https://www.hyperpure.com/in/ghee -> 20 products
2026-07-14 04:20:13,466 [INFO] scrapers.hyperpure: hyperpure: https://www.hyperpure.com/in/ketchup-puree-pastes -> 20 products
2026-07-14 04:20:16,813 [INFO] scrapers.hyperpure: hyperpure: https://www.hyperpure.com/in/milk-milk-powder -> 16 products
2026-07-14 04:20:20,247 [INFO] scrapers.hyperpure: hyperpure: https://www.hyperpure.com/in/paneer -> 20 products
2026-07-14 04:20:23,668 [INFO] scrapers.hyperpure: hyperpure: https://www.hyperpure.com/in/pasta-noodles -> 20 products
2026-07-14 04:20:27,240 [INFO] scrapers.hyperpure: hyperpure: https://www.hyperpure.com/in/rice-rice-products -> 20 products
2026-07-14 04:20:30,812 [INFO] scrapers.hyperpure: hyperpure: https://www.hyperpure.com/in/salts-sugars -> 20 products
2026-07-14 04:20:34,282 [INFO] scrapers.hyperpure: hyperpure: https://www.hyperpure.com/in/tea-and-coffee -> 20 products
2026-07-14 04:20:37,525 [INFO] scrapers.hyperpure: hyperpure: https://www.hyperpure.com/in/tomato-onion-potato -> 0 products
2026-07-14 04:20:40,768 [INFO] scrapers.hyperpure: hyperpure: https://www.hyperpure.com/in/urad-rajma-other-dal -> 0 products
2026-07-14 04:20:43,827 [INFO] main: hyperpure: stored 365 products
2026-07-14 04:20:45,565 [WARNING] scrapers.bigbasket: bigbasket: set_location(110001) did not verifiably change city (status=404, _bb_cid before=1 after=1) -- continuing with the anonymous default city instead of a silent guess
2026-07-14 04:20:47,124 [INFO] scrapers.bigbasket: bigbasket[110001]: https://www.bigbasket.com/pc/fruits-vegetables/fresh-fruits/ -> 75 products
2026-07-14 04:20:51,024 [INFO] scrapers.bigbasket: bigbasket[110001]: https://www.bigbasket.com/pc/fruits-vegetables/fresh-vegetables/ -> 131 products
2026-07-14 04:20:54,679 [INFO] scrapers.bigbasket: bigbasket[110001]: https://www.bigbasket.com/pc/fruits-vegetables/exotic-fruits-veggies/ -> 80 products
2026-07-14 04:20:58,943 [INFO] scrapers.bigbasket: bigbasket[110001]: https://www.bigbasket.com/pc/fruits-vegetables/herbs-seasonings/ -> 92 products
2026-07-14 04:21:03,010 [INFO] scrapers.bigbasket: bigbasket[110001]: https://www.bigbasket.com/pc/foodgrains-oil-masala/atta-flours-sooji/ -> 109 products
2026-07-14 04:21:07,384 [INFO] scrapers.bigbasket: bigbasket[110001]: https://www.bigbasket.com/pc/foodgrains-oil-masala/dals-pulses/ -> 135 products
2026-07-14 04:21:11,796 [INFO] scrapers.bigbasket: bigbasket[110001]: https://www.bigbasket.com/pc/foodgrains-oil-masala/dry-fruits/ -> 114 products
2026-07-14 04:21:15,758 [INFO] scrapers.bigbasket: bigbasket[110001]: https://www.bigbasket.com/pc/foodgrains-oil-masala/edible-oils-ghee/ -> 110 products
2026-07-14 04:21:20,116 [INFO] scrapers.bigbasket: bigbasket[110001]: https://www.bigbasket.com/pc/foodgrains-oil-masala/rice-rice-products/ -> 153 products
2026-07-14 04:21:24,240 [INFO] scrapers.bigbasket: bigbasket[110001]: https://www.bigbasket.com/pc/foodgrains-oil-masala/salt-sugar-jaggery/ -> 107 products
2026-07-14 04:21:28,713 [INFO] scrapers.bigbasket: bigbasket[110001]: https://www.bigbasket.com/pc/bakery-cakes-dairy/dairy/ -> 107 products
2026-07-14 04:21:32,857 [INFO] scrapers.bigbasket: bigbasket[110001]: https://www.bigbasket.com/pc/beauty-hygiene/health-medicine/ -> 81 products
2026-07-14 04:21:37,313 [INFO] scrapers.bigbasket: bigbasket[110001]: https://www.bigbasket.com/pc/kitchen-garden-pets/pet-food-accessories/ -> 94 products
2026-07-14 04:21:42,527 [WARNING] scrapers.bigbasket: bigbasket: set_location(560001) did not verifiably change city (status=404, _bb_cid before=1 after=1) -- continuing with the anonymous default city instead of a silent guess
2026-07-14 04:21:44,249 [INFO] scrapers.bigbasket: bigbasket[560001]: https://www.bigbasket.com/pc/fruits-vegetables/fresh-fruits/ -> 75 products
2026-07-14 04:21:48,000 [INFO] scrapers.bigbasket: bigbasket[560001]: https://www.bigbasket.com/pc/fruits-vegetables/fresh-vegetables/ -> 131 products
2026-07-14 04:21:51,569 [INFO] scrapers.bigbasket: bigbasket[560001]: https://www.bigbasket.com/pc/fruits-vegetables/exotic-fruits-veggies/ -> 80 products
2026-07-14 04:21:55,342 [INFO] scrapers.bigbasket: bigbasket[560001]: https://www.bigbasket.com/pc/fruits-vegetables/herbs-seasonings/ -> 92 products
2026-07-14 04:21:59,645 [INFO] scrapers.bigbasket: bigbasket[560001]: https://www.bigbasket.com/pc/foodgrains-oil-masala/atta-flours-sooji/ -> 109 products
2026-07-14 04:22:04,021 [INFO] scrapers.bigbasket: bigbasket[560001]: https://www.bigbasket.com/pc/foodgrains-oil-masala/dals-pulses/ -> 135 products
2026-07-14 04:22:07,837 [INFO] scrapers.bigbasket: bigbasket[560001]: https://www.bigbasket.com/pc/foodgrains-oil-masala/dry-fruits/ -> 114 products
2026-07-14 04:22:11,458 [INFO] scrapers.bigbasket: bigbasket[560001]: https://www.bigbasket.com/pc/foodgrains-oil-masala/edible-oils-ghee/ -> 110 products
2026-07-14 04:22:15,502 [INFO] scrapers.bigbasket: bigbasket[560001]: https://www.bigbasket.com/pc/foodgrains-oil-masala/rice-rice-products/ -> 153 products
2026-07-14 04:22:19,247 [INFO] scrapers.bigbasket: bigbasket[560001]: https://www.bigbasket.com/pc/foodgrains-oil-masala/salt-sugar-jaggery/ -> 107 products
2026-07-14 04:22:22,918 [INFO] scrapers.bigbasket: bigbasket[560001]: https://www.bigbasket.com/pc/bakery-cakes-dairy/dairy/ -> 107 products
2026-07-14 04:22:27,084 [INFO] scrapers.bigbasket: bigbasket[560001]: https://www.bigbasket.com/pc/beauty-hygiene/health-medicine/ -> 81 products
2026-07-14 04:22:31,100 [INFO] scrapers.bigbasket: bigbasket[560001]: https://www.bigbasket.com/pc/kitchen-garden-pets/pet-food-accessories/ -> 94 products
2026-07-14 04:22:35,292 [WARNING] scrapers.bigbasket: bigbasket: set_location(400001) did not verifiably change city (status=404, _bb_cid before=1 after=1) -- continuing with the anonymous default city instead of a silent guess
2026-07-14 04:22:36,463 [INFO] scrapers.bigbasket: bigbasket[400001]: https://www.bigbasket.com/pc/fruits-vegetables/fresh-fruits/ -> 75 products
2026-07-14 04:22:40,970 [INFO] scrapers.bigbasket: bigbasket[400001]: https://www.bigbasket.com/pc/fruits-vegetables/fresh-vegetables/ -> 131 products
2026-07-14 04:22:44,811 [INFO] scrapers.bigbasket: bigbasket[400001]: https://www.bigbasket.com/pc/fruits-vegetables/exotic-fruits-veggies/ -> 80 products
2026-07-14 04:22:48,527 [INFO] scrapers.bigbasket: bigbasket[400001]: https://www.bigbasket.com/pc/fruits-vegetables/herbs-seasonings/ -> 92 products
2026-07-14 04:22:52,954 [INFO] scrapers.bigbasket: bigbasket[400001]: https://www.bigbasket.com/pc/foodgrains-oil-masala/atta-flours-sooji/ -> 109 products
2026-07-14 04:22:57,199 [INFO] scrapers.bigbasket: bigbasket[400001]: https://www.bigbasket.com/pc/foodgrains-oil-masala/dals-pulses/ -> 135 products
2026-07-14 04:23:00,980 [INFO] scrapers.bigbasket: bigbasket[400001]: https://www.bigbasket.com/pc/foodgrains-oil-masala/dry-fruits/ -> 114 products
2026-07-14 04:23:04,771 [INFO] scrapers.bigbasket: bigbasket[400001]: https://www.bigbasket.com/pc/foodgrains-oil-masala/edible-oils-ghee/ -> 110 products
2026-07-14 04:23:08,897 [INFO] scrapers.bigbasket: bigbasket[400001]: https://www.bigbasket.com/pc/foodgrains-oil-masala/rice-rice-products/ -> 153 products
2026-07-14 04:23:12,671 [INFO] scrapers.bigbasket: bigbasket[400001]: https://www.bigbasket.com/pc/foodgrains-oil-masala/salt-sugar-jaggery/ -> 107 products
2026-07-14 04:23:16,725 [INFO] scrapers.bigbasket: bigbasket[400001]: https://www.bigbasket.com/pc/bakery-cakes-dairy/dairy/ -> 107 products
2026-07-14 04:23:20,917 [INFO] scrapers.bigbasket: bigbasket[400001]: https://www.bigbasket.com/pc/beauty-hygiene/health-medicine/ -> 81 products
2026-07-14 04:23:24,813 [INFO] scrapers.bigbasket: bigbasket[400001]: https://www.bigbasket.com/pc/kitchen-garden-pets/pet-food-accessories/ -> 94 products
2026-07-14 04:23:28,013 [INFO] main: bigbasket: stored 1388 products
2026-07-14 04:23:29,031 [INFO] scrapers.deliverit: deliverit: discovered 0 product URLs to scrape this run
2026-07-14 04:23:29,039 [INFO] main: deliverit: stored 0 products
2026-07-14 04:23:29,655 [WARNING] scrapers.lots: lots: store locator returned 404 for pincode 110001 -- no public pincode->store lookup is confirmed to exist for this site (see scrapers/lots.py docstring); falling back to default store 101
2026-07-14 04:23:48,027 [INFO] scrapers.lots: lots[110001]: foodgrains-oil-masala/dals-pulses- (menuId=130, storeCode=101) -> 129 products
2026-07-14 04:23:59,244 [INFO] scrapers.lots: lots[110001]: foodgrains-oil-masala/atta-maida-sooji (menuId=128, storeCode=101) -> 59 products
2026-07-14 04:24:13,960 [INFO] scrapers.lots: lots[110001]: foodgrains-oil-masala/cooking-oil-ghee (menuId=129, storeCode=101) -> 102 products
2026-07-14 04:24:44,399 [INFO] scrapers.lots: lots[110001]: foodgrains-oil-masala/dry-fruits (menuId=131, storeCode=101) -> 111 products
2026-07-14 04:25:01,383 [INFO] scrapers.lots: lots[110001]: foodgrains-oil-masala/rice-poha (menuId=133, storeCode=101) -> 85 products
2026-07-14 04:25:12,908 [INFO] scrapers.lots: lots[110001]: foodgrains-oil-masala/salt-sugar (menuId=134, storeCode=101) -> 40 products
2026-07-14 04:25:31,918 [INFO] scrapers.lots: lots[110001]: foodgrains-oil-masala/spices-masale- (menuId=135, storeCode=101) -> 180 products
2026-07-14 04:25:46,331 [INFO] scrapers.lots: lots[110001]: dairy-fresh-frozen/milk-dahi (menuId=124, storeCode=101) -> 62 products
2026-07-14 04:34:12,117 [WARNING] scrapers.lots: lots[110001]: failed on dairy-fresh-frozen/butter-Chesse: ('Connection aborted.', RemoteDisconnected('Remote end closed connection without response'))
2026-07-14 05:14:00,923 [INFO] scrapers.lots: lots[110001]: dairy-fresh-frozen/fruits-vegetables/fruits (menuId=100711, storeCode=101) -> 41 products
2026-07-14 05:14:15,547 [INFO] scrapers.lots: lots[110001]: dairy-fresh-frozen/fruits-vegetables/vegetables (menuId=100712, storeCode=101) -> 109 products
2026-07-14 05:14:38,559 [WARNING] scrapers.lots: lots[110001]: failed on biscuits-snacks-chocolates/chocolates: HTTPSConnectionPool(host='www.lotswholesale.com', port=443): Read timed out. (read timeout=20)
2026-07-14 05:15:13,157 [INFO] scrapers.lots: lots[110001]: biscuits-snacks-chocolates/namkeen (menuId=107, storeCode=101) -> 180 products
2026-07-14 05:15:31,984 [INFO] scrapers.lots: lots[110001]: biscuits-snacks-chocolates/biscuits-cookies (menuId=103, storeCode=101) -> 180 products
2026-07-14 05:16:01,946 [INFO] scrapers.lots: lots[110001]: tea-coffee-cold-drinks/tea (menuId=170, storeCode=101) -> 66 products
2026-07-14 05:16:12,933 [INFO] scrapers.lots: lots[110001]: tea-coffee-cold-drinks/coffee-instant-premix (menuId=165, storeCode=101) -> 38 products
2026-07-14 05:16:27,530 [INFO] scrapers.lots: lots[110001]: instant-packaged-food/noodles (menuId=149, storeCode=101) -> 118 products
2026-07-14 05:16:38,517 [INFO] scrapers.lots: lots[110001]: instant-packaged-food/pasta (menuId=150, storeCode=101) -> 44 products
2026-07-14 05:16:56,951 [INFO] scrapers.lots: lots[110001]: sauces-spreads-cooking-essentials/sauces-vinegar (menuId=159, storeCode=101) -> 180 products
2026-07-14 05:17:07,826 [INFO] scrapers.lots: lots[110001]: sauces-spreads-cooking-essentials/pickles (menuId=158, storeCode=101) -> 28 products
2026-07-14 05:17:18,722 [INFO] scrapers.lots: lots[110001]: cleaning-laundry/dishwash (menuId=110, storeCode=101) -> 40 products
2026-07-14 05:17:36,087 [INFO] scrapers.lots: lots[110001]: cleaning-laundry/fabric-care (menuId=111, storeCode=101) -> 112 products
2026-07-14 05:17:52,020 [INFO] scrapers.lots: lots[110001]: hair-body-care/soaps-body-wash (menuId=141, storeCode=101) -> 120 products
2026-07-14 05:17:56,150 [WARNING] scrapers.lots: lots: store locator returned 404 for pincode 560001 -- no public pincode->store lookup is confirmed to exist for this site (see scrapers/lots.py docstring); falling back to default store 101
2026-07-14 05:18:12,654 [INFO] scrapers.lots: lots[560001]: foodgrains-oil-masala/dals-pulses- (menuId=130, storeCode=101) -> 129 products
2026-07-14 05:18:24,794 [INFO] scrapers.lots: lots[560001]: foodgrains-oil-masala/atta-maida-sooji (menuId=128, storeCode=101) -> 59 products
2026-07-14 05:18:39,470 [INFO] scrapers.lots: lots[560001]: foodgrains-oil-masala/cooking-oil-ghee (menuId=129, storeCode=101) -> 102 products
2026-07-14 05:18:54,689 [INFO] scrapers.lots: lots[560001]: foodgrains-oil-masala/dry-fruits (menuId=131, storeCode=101) -> 111 products
2026-07-14 05:19:09,266 [INFO] scrapers.lots: lots[560001]: foodgrains-oil-masala/rice-poha (menuId=133, storeCode=101) -> 85 products
2026-07-14 05:19:35,454 [INFO] scrapers.lots: lots[560001]: foodgrains-oil-masala/salt-sugar (menuId=134, storeCode=101) -> 40 products
2026-07-14 05:19:54,997 [INFO] scrapers.lots: lots[560001]: foodgrains-oil-masala/spices-masale- (menuId=135, storeCode=101) -> 180 products
2026-07-14 05:20:24,360 [INFO] scrapers.lots: lots[560001]: dairy-fresh-frozen/milk-dahi (menuId=124, storeCode=101) -> 62 products
2026-07-14 05:20:54,166 [INFO] scrapers.lots: lots[560001]: dairy-fresh-frozen/butter-Chesse (menuId=118, storeCode=101) -> 93 products
2026-07-14 05:21:05,032 [INFO] scrapers.lots: lots[560001]: dairy-fresh-frozen/fruits-vegetables/fruits (menuId=100711, storeCode=101) -> 41 products
2026-07-14 05:21:19,627 [INFO] scrapers.lots: lots[560001]: dairy-fresh-frozen/fruits-vegetables/vegetables (menuId=100712, storeCode=101) -> 109 products
2026-07-14 05:21:37,903 [INFO] scrapers.lots: lots[560001]: biscuits-snacks-chocolates/chocolates (menuId=106, storeCode=101) -> 165 products
2026-07-14 05:21:56,138 [INFO] scrapers.lots: lots[560001]: biscuits-snacks-chocolates/namkeen (menuId=107, storeCode=101) -> 176 products
2026-07-14 05:22:14,808 [INFO] scrapers.lots: lots[560001]: biscuits-snacks-chocolates/biscuits-cookies (menuId=103, storeCode=101) -> 180 products
2026-07-14 05:22:31,891 [INFO] scrapers.lots: lots[560001]: tea-coffee-cold-drinks/tea (menuId=170, storeCode=101) -> 66 products
2026-07-14 05:22:58,283 [INFO] scrapers.lots: lots[560001]: tea-coffee-cold-drinks/coffee-instant-premix (menuId=165, storeCode=101) -> 38 products
2026-07-14 05:23:13,202 [INFO] scrapers.lots: lots[560001]: instant-packaged-food/noodles (menuId=149, storeCode=101) -> 118 products
2026-07-14 05:23:24,091 [INFO] scrapers.lots: lots[560001]: instant-packaged-food/pasta (menuId=150, storeCode=101) -> 44 products
2026-07-14 05:23:42,784 [INFO] scrapers.lots: lots[560001]: sauces-spreads-cooking-essentials/sauces-vinegar (menuId=159, storeCode=101) -> 180 products
2026-07-14 05:23:53,611 [INFO] scrapers.lots: lots[560001]: sauces-spreads-cooking-essentials/pickles (menuId=158, storeCode=101) -> 28 products
2026-07-14 05:24:04,553 [INFO] scrapers.lots: lots[560001]: cleaning-laundry/dishwash (menuId=110, storeCode=101) -> 40 products
2026-07-14 05:24:19,224 [INFO] scrapers.lots: lots[560001]: cleaning-laundry/fabric-care (menuId=111, storeCode=101) -> 111 products
2026-07-14 05:24:42,244 [WARNING] scrapers.lots: lots[560001]: failed on hair-body-care/soaps-body-wash: HTTPSConnectionPool(host='www.lotswholesale.com', port=443): Read timed out. (read timeout=20)
2026-07-14 05:24:46,024 [INFO] main: lots: stored 4181 products
2026-07-14 05:24:46,817 [INFO] main: Canonical grouping: 3972 groups across 5934 products
2026-07-14 05:24:46,828 [INFO] main: Run complete. Total products upserted: 5934
2026-07-16 08:05:18,872 [INFO] scrapers.hyperpure: hyperpure: https://www.hyperpure.com/in/hyperpure -> 20 products
2026-07-16 08:05:22,424 [INFO] scrapers.hyperpure: hyperpure: https://www.hyperpure.com/in/packaging-material -> 20 products
2026-07-16 08:05:25,868 [INFO] scrapers.hyperpure: hyperpure: https://www.hyperpure.com/in/atta-maida-sooji -> 20 products
2026-07-16 08:05:29,394 [INFO] scrapers.hyperpure: hyperpure: https://www.hyperpure.com/in/butter -> 20 products
2026-07-16 08:05:32,865 [INFO] scrapers.hyperpure: hyperpure: https://www.hyperpure.com/in/cashews1 -> 20 products
2026-07-16 08:05:36,394 [INFO] scrapers.hyperpure: hyperpure: https://www.hyperpure.com/in/cheese -> 20 products
2026-07-16 08:05:39,745 [INFO] scrapers.hyperpure: hyperpure: https://www.hyperpure.com/in/chicken-breast-boneless -> 9 products
2026-07-16 08:05:43,222 [INFO] scrapers.hyperpure: hyperpure: https://www.hyperpure.com/in/corn-flour-besan-others -> 20 products
2026-07-16 08:05:46,615 [INFO] scrapers.hyperpure: hyperpure: https://www.hyperpure.com/in/cream -> 13 products
2026-07-16 08:05:50,072 [INFO] scrapers.hyperpure: hyperpure: https://www.hyperpure.com/in/curd -> 20 products
2026-07-16 08:05:53,543 [INFO] scrapers.hyperpure: hyperpure: https://www.hyperpure.com/in/edible-oils -> 20 products
2026-07-16 08:05:56,902 [INFO] scrapers.hyperpure: hyperpure: https://www.hyperpure.com/in/eggs -> 7 products
2026-07-16 08:06:00,391 [INFO] scrapers.hyperpure: hyperpure: https://www.hyperpure.com/in/ghee -> 20 products
2026-07-16 08:06:03,900 [INFO] scrapers.hyperpure: hyperpure: https://www.hyperpure.com/in/ketchup-puree-pastes -> 20 products
2026-07-16 08:06:07,329 [INFO] scrapers.hyperpure: hyperpure: https://www.hyperpure.com/in/milk-milk-powder -> 16 products
2026-07-16 08:06:10,782 [INFO] scrapers.hyperpure: hyperpure: https://www.hyperpure.com/in/paneer -> 20 products
2026-07-16 08:06:14,229 [INFO] scrapers.hyperpure: hyperpure: https://www.hyperpure.com/in/pasta-noodles -> 20 products
2026-07-16 08:06:17,737 [INFO] scrapers.hyperpure: hyperpure: https://www.hyperpure.com/in/rice-rice-products -> 20 products
2026-07-16 08:06:21,198 [INFO] scrapers.hyperpure: hyperpure: https://www.hyperpure.com/in/salts-sugars -> 20 products
2026-07-16 08:06:24,704 [INFO] scrapers.hyperpure: hyperpure: https://www.hyperpure.com/in/tea-and-coffee -> 20 products
2026-07-16 08:06:28,822 [INFO] scrapers.hyperpure: hyperpure: https://www.hyperpure.com/in/tomato-onion-potato -> 0 products
2026-07-16 08:06:32,048 [INFO] scrapers.hyperpure: hyperpure: https://www.hyperpure.com/in/urad-rajma-other-dal -> 0 products
2026-07-16 08:06:35,141 [INFO] main: hyperpure: stored 365 products
2026-07-16 08:06:36,322 [WARNING] scrapers.bigbasket: bigbasket: set_location(110001) did not verifiably change city (status=404, _bb_cid before=1 after=1) -- continuing with the anonymous default city instead of a silent guess
2026-07-16 08:06:37,375 [INFO] scrapers.bigbasket: bigbasket[110001]: https://www.bigbasket.com/pc/fruits-vegetables/fresh-fruits/ -> 74 products
2026-07-16 08:06:41,255 [INFO] scrapers.bigbasket: bigbasket[110001]: https://www.bigbasket.com/pc/fruits-vegetables/fresh-vegetables/ -> 131 products
2026-07-16 08:06:45,469 [INFO] scrapers.bigbasket: bigbasket[110001]: https://www.bigbasket.com/pc/fruits-vegetables/exotic-fruits-veggies/ -> 80 products
2026-07-16 08:06:49,239 [INFO] scrapers.bigbasket: bigbasket[110001]: https://www.bigbasket.com/pc/fruits-vegetables/herbs-seasonings/ -> 92 products
2026-07-16 08:06:53,333 [INFO] scrapers.bigbasket: bigbasket[110001]: https://www.bigbasket.com/pc/foodgrains-oil-masala/atta-flours-sooji/ -> 110 products
2026-07-16 08:06:57,999 [INFO] scrapers.bigbasket: bigbasket[110001]: https://www.bigbasket.com/pc/foodgrains-oil-masala/dals-pulses/ -> 132 products
2026-07-16 08:07:02,896 [INFO] scrapers.bigbasket: bigbasket[110001]: https://www.bigbasket.com/pc/foodgrains-oil-masala/dry-fruits/ -> 116 products
2026-07-16 08:07:07,410 [INFO] scrapers.bigbasket: bigbasket[110001]: https://www.bigbasket.com/pc/foodgrains-oil-masala/edible-oils-ghee/ -> 113 products
2026-07-16 08:07:12,025 [INFO] scrapers.bigbasket: bigbasket[110001]: https://www.bigbasket.com/pc/foodgrains-oil-masala/rice-rice-products/ -> 153 products
2026-07-16 08:07:16,512 [INFO] scrapers.bigbasket: bigbasket[110001]: https://www.bigbasket.com/pc/foodgrains-oil-masala/salt-sugar-jaggery/ -> 107 products
2026-07-16 08:07:21,249 [INFO] scrapers.bigbasket: bigbasket[110001]: https://www.bigbasket.com/pc/bakery-cakes-dairy/dairy/ -> 107 products
2026-07-16 08:07:25,991 [INFO] scrapers.bigbasket: bigbasket[110001]: https://www.bigbasket.com/pc/beauty-hygiene/health-medicine/ -> 86 products
2026-07-16 08:07:30,476 [INFO] scrapers.bigbasket: bigbasket[110001]: https://www.bigbasket.com/pc/kitchen-garden-pets/pet-food-accessories/ -> 94 products
2026-07-16 08:07:35,247 [WARNING] scrapers.bigbasket: bigbasket: set_location(560001) did not verifiably change city (status=404, _bb_cid before=1 after=1) -- continuing with the anonymous default city instead of a silent guess
2026-07-16 08:07:36,353 [INFO] scrapers.bigbasket: bigbasket[560001]: https://www.bigbasket.com/pc/fruits-vegetables/fresh-fruits/ -> 74 products
2026-07-16 08:07:40,499 [INFO] scrapers.bigbasket: bigbasket[560001]: https://www.bigbasket.com/pc/fruits-vegetables/fresh-vegetables/ -> 131 products
2026-07-16 08:07:44,476 [INFO] scrapers.bigbasket: bigbasket[560001]: https://www.bigbasket.com/pc/fruits-vegetables/exotic-fruits-veggies/ -> 80 products
2026-07-16 08:07:48,383 [INFO] scrapers.bigbasket: bigbasket[560001]: https://www.bigbasket.com/pc/fruits-vegetables/herbs-seasonings/ -> 92 products
2026-07-16 08:07:52,845 [INFO] scrapers.bigbasket: bigbasket[560001]: https://www.bigbasket.com/pc/foodgrains-oil-masala/atta-flours-sooji/ -> 110 products
2026-07-16 08:07:57,328 [INFO] scrapers.bigbasket: bigbasket[560001]: https://www.bigbasket.com/pc/foodgrains-oil-masala/dals-pulses/ -> 132 products
2026-07-16 08:08:01,185 [INFO] scrapers.bigbasket: bigbasket[560001]: https://www.bigbasket.com/pc/foodgrains-oil-masala/dry-fruits/ -> 116 products
2026-07-16 08:08:05,075 [INFO] scrapers.bigbasket: bigbasket[560001]: https://www.bigbasket.com/pc/foodgrains-oil-masala/edible-oils-ghee/ -> 113 products
2026-07-16 08:08:09,171 [INFO] scrapers.bigbasket: bigbasket[560001]: https://www.bigbasket.com/pc/foodgrains-oil-masala/rice-rice-products/ -> 153 products
2026-07-16 08:08:13,317 [INFO] scrapers.bigbasket: bigbasket[560001]: https://www.bigbasket.com/pc/foodgrains-oil-masala/salt-sugar-jaggery/ -> 107 products
2026-07-16 08:08:17,619 [INFO] scrapers.bigbasket: bigbasket[560001]: https://www.bigbasket.com/pc/bakery-cakes-dairy/dairy/ -> 107 products
2026-07-16 08:08:21,905 [INFO] scrapers.bigbasket: bigbasket[560001]: https://www.bigbasket.com/pc/beauty-hygiene/health-medicine/ -> 86 products
2026-07-16 08:08:25,944 [INFO] scrapers.bigbasket: bigbasket[560001]: https://www.bigbasket.com/pc/kitchen-garden-pets/pet-food-accessories/ -> 94 products
2026-07-16 08:08:30,795 [WARNING] scrapers.bigbasket: bigbasket: set_location(400001) did not verifiably change city (status=404, _bb_cid before=1 after=1) -- continuing with the anonymous default city instead of a silent guess
2026-07-16 08:08:32,358 [INFO] scrapers.bigbasket: bigbasket[400001]: https://www.bigbasket.com/pc/fruits-vegetables/fresh-fruits/ -> 74 products
2026-07-16 08:08:36,509 [INFO] scrapers.bigbasket: bigbasket[400001]: https://www.bigbasket.com/pc/fruits-vegetables/fresh-vegetables/ -> 131 products
2026-07-16 08:08:40,127 [INFO] scrapers.bigbasket: bigbasket[400001]: https://www.bigbasket.com/pc/fruits-vegetables/exotic-fruits-veggies/ -> 80 products
2026-07-16 08:08:44,336 [INFO] scrapers.bigbasket: bigbasket[400001]: https://www.bigbasket.com/pc/fruits-vegetables/herbs-seasonings/ -> 92 products
2026-07-16 08:08:49,245 [INFO] scrapers.bigbasket: bigbasket[400001]: https://www.bigbasket.com/pc/foodgrains-oil-masala/atta-flours-sooji/ -> 110 products
2026-07-16 08:08:53,345 [INFO] scrapers.bigbasket: bigbasket[400001]: https://www.bigbasket.com/pc/foodgrains-oil-masala/dals-pulses/ -> 132 products
2026-07-16 08:08:57,685 [INFO] scrapers.bigbasket: bigbasket[400001]: https://www.bigbasket.com/pc/foodgrains-oil-masala/dry-fruits/ -> 116 products
2026-07-16 08:09:01,405 [INFO] scrapers.bigbasket: bigbasket[400001]: https://www.bigbasket.com/pc/foodgrains-oil-masala/edible-oils-ghee/ -> 113 products
2026-07-16 08:09:05,615 [INFO] scrapers.bigbasket: bigbasket[400001]: https://www.bigbasket.com/pc/foodgrains-oil-masala/rice-rice-products/ -> 153 products
2026-07-16 08:09:09,891 [INFO] scrapers.bigbasket: bigbasket[400001]: https://www.bigbasket.com/pc/foodgrains-oil-masala/salt-sugar-jaggery/ -> 107 products
2026-07-16 08:09:13,954 [INFO] scrapers.bigbasket: bigbasket[400001]: https://www.bigbasket.com/pc/bakery-cakes-dairy/dairy/ -> 107 products
2026-07-16 08:09:17,952 [INFO] scrapers.bigbasket: bigbasket[400001]: https://www.bigbasket.com/pc/beauty-hygiene/health-medicine/ -> 86 products
2026-07-16 08:09:22,134 [INFO] scrapers.bigbasket: bigbasket[400001]: https://www.bigbasket.com/pc/kitchen-garden-pets/pet-food-accessories/ -> 94 products
2026-07-16 08:09:25,231 [INFO] main: bigbasket: stored 1395 products
2026-07-16 08:09:26,057 [INFO] scrapers.deliverit: deliverit: discovered 0 product URLs to scrape this run
2026-07-16 08:09:26,066 [INFO] main: deliverit: stored 0 products
2026-07-16 08:09:26,536 [WARNING] scrapers.lots: lots: store locator returned 404 for pincode 110001 -- no public pincode->store lookup is confirmed to exist for this site (see scrapers/lots.py docstring); falling back to default store 101
2026-07-16 08:09:46,939 [WARNING] scrapers.lots: lots[110001]: failed on foodgrains-oil-masala/dals-pulses-: HTTPSConnectionPool(host='www.lotswholesale.com', port=443): Read timed out. (read timeout=20)
2026-07-16 08:09:58,267 [INFO] scrapers.lots: lots[110001]: foodgrains-oil-masala/atta-maida-sooji (menuId=128, storeCode=101) -> 59 products
2026-07-16 08:10:13,830 [INFO] scrapers.lots: lots[110001]: foodgrains-oil-masala/cooking-oil-ghee (menuId=129, storeCode=101) -> 101 products
2026-07-16 08:10:28,314 [INFO] scrapers.lots: lots[110001]: foodgrains-oil-masala/dry-fruits (menuId=131, storeCode=101) -> 111 products
2026-07-16 08:10:44,046 [INFO] scrapers.lots: lots[110001]: foodgrains-oil-masala/rice-poha (menuId=133, storeCode=101) -> 86 products
2026-07-16 08:10:55,458 [INFO] scrapers.lots: lots[110001]: foodgrains-oil-masala/salt-sugar (menuId=134, storeCode=101) -> 40 products
2026-07-16 08:11:16,657 [INFO] scrapers.lots: lots[110001]: foodgrains-oil-masala/spices-masale- (menuId=135, storeCode=101) -> 180 products
2026-07-16 08:11:31,294 [INFO] scrapers.lots: lots[110001]: dairy-fresh-frozen/milk-dahi (menuId=124, storeCode=101) -> 62 products
2026-07-16 08:11:48,254 [INFO] scrapers.lots: lots[110001]: dairy-fresh-frozen/butter-Chesse (menuId=118, storeCode=101) -> 93 products
2026-07-16 08:11:59,004 [INFO] scrapers.lots: lots[110001]: dairy-fresh-frozen/fruits-vegetables/fruits (menuId=100711, storeCode=101) -> 44 products
2026-07-16 08:12:14,835 [INFO] scrapers.lots: lots[110001]: dairy-fresh-frozen/fruits-vegetables/vegetables (menuId=100712, storeCode=101) -> 109 products
2026-07-16 08:12:35,805 [INFO] scrapers.lots: lots[110001]: biscuits-snacks-chocolates/chocolates (menuId=106, storeCode=101) -> 165 products
2026-07-16 08:12:54,104 [INFO] scrapers.lots: lots[110001]: biscuits-snacks-chocolates/namkeen (menuId=107, storeCode=101) -> 179 products
2026-07-16 08:13:19,982 [INFO] scrapers.lots: lots[110001]: biscuits-snacks-chocolates/biscuits-cookies (menuId=103, storeCode=101) -> 180 products
2026-07-16 08:13:36,025 [INFO] scrapers.lots: lots[110001]: tea-coffee-cold-drinks/tea (menuId=170, storeCode=101) -> 66 products
2026-07-16 08:13:48,894 [INFO] scrapers.lots: lots[110001]: tea-coffee-cold-drinks/coffee-instant-premix (menuId=165, storeCode=101) -> 38 products
2026-07-16 08:14:03,661 [INFO] scrapers.lots: lots[110001]: instant-packaged-food/noodles (menuId=149, storeCode=101) -> 118 products
2026-07-16 08:14:14,910 [INFO] scrapers.lots: lots[110001]: instant-packaged-food/pasta (menuId=150, storeCode=101) -> 44 products
2026-07-16 08:14:33,315 [INFO] scrapers.lots: lots[110001]: sauces-spreads-cooking-essentials/sauces-vinegar (menuId=159, storeCode=101) -> 180 products
2026-07-16 08:14:44,028 [INFO] scrapers.lots: lots[110001]: sauces-spreads-cooking-essentials/pickles (menuId=158, storeCode=101) -> 28 products
2026-07-16 08:14:55,856 [INFO] scrapers.lots: lots[110001]: cleaning-laundry/dishwash (menuId=110, storeCode=101) -> 40 products
2026-07-16 08:15:12,856 [INFO] scrapers.lots: lots[110001]: cleaning-laundry/fabric-care (menuId=111, storeCode=101) -> 112 products
2026-07-16 08:15:45,146 [INFO] scrapers.lots: lots[110001]: hair-body-care/soaps-body-wash (menuId=141, storeCode=101) -> 115 products
2026-07-16 08:15:48,791 [WARNING] scrapers.lots: lots: store locator returned 404 for pincode 560001 -- no public pincode->store lookup is confirmed to exist for this site (see scrapers/lots.py docstring); falling back to default store 101
2026-07-16 08:16:08,735 [INFO] scrapers.lots: lots[560001]: foodgrains-oil-masala/dals-pulses- (menuId=130, storeCode=101) -> 129 products
2026-07-16 08:16:37,403 [INFO] scrapers.lots: lots[560001]: foodgrains-oil-masala/atta-maida-sooji (menuId=128, storeCode=101) -> 59 products
2026-07-16 08:16:52,241 [INFO] scrapers.lots: lots[560001]: foodgrains-oil-masala/cooking-oil-ghee (menuId=129, storeCode=101) -> 101 products
2026-07-16 08:17:15,247 [WARNING] scrapers.lots: lots[560001]: failed on foodgrains-oil-masala/dry-fruits: HTTPSConnectionPool(host='www.lotswholesale.com', port=443): Read timed out. (read timeout=20)
2026-07-16 08:17:24,387 [WARNING] scrapers.lots: lots[560001]: failed on foodgrains-oil-masala/rice-poha: HTTPSConnectionPool(host='api.lotswholesale.com', port=443): Max retries exceeded with url: /next-product/public/api/product/search (Caused by NameResolutionError("HTTPSConnection(host='api.lotswholesale.com', port=443): Failed to resolve 'api.lotswholesale.com' ([Errno 11001] getaddrinfo failed)"))
2026-07-16 08:17:52,575 [INFO] scrapers.lots: lots[560001]: foodgrains-oil-masala/salt-sugar (menuId=134, storeCode=101) -> 40 products
2026-07-16 08:18:13,437 [INFO] scrapers.lots: lots[560001]: foodgrains-oil-masala/spices-masale- (menuId=135, storeCode=101) -> 180 products
2026-07-16 08:18:28,334 [INFO] scrapers.lots: lots[560001]: dairy-fresh-frozen/milk-dahi (menuId=124, storeCode=101) -> 62 products
2026-07-16 08:18:47,365 [INFO] scrapers.lots: lots[560001]: dairy-fresh-frozen/butter-Chesse (menuId=118, storeCode=101) -> 93 products
2026-07-16 08:18:59,418 [INFO] scrapers.lots: lots[560001]: dairy-fresh-frozen/fruits-vegetables/fruits (menuId=100711, storeCode=101) -> 44 products
2026-07-16 08:19:14,739 [INFO] scrapers.lots: lots[560001]: dairy-fresh-frozen/fruits-vegetables/vegetables (menuId=100712, storeCode=101) -> 109 products
2026-07-16 08:19:34,054 [INFO] scrapers.lots: lots[560001]: biscuits-snacks-chocolates/chocolates (menuId=106, storeCode=101) -> 165 products
2026-07-16 08:20:02,224 [INFO] scrapers.lots: lots[560001]: biscuits-snacks-chocolates/namkeen (menuId=107, storeCode=101) -> 179 products
2026-07-16 08:20:22,506 [INFO] scrapers.lots: lots[560001]: biscuits-snacks-chocolates/biscuits-cookies (menuId=103, storeCode=101) -> 180 products
2026-07-16 08:20:37,438 [INFO] scrapers.lots: lots[560001]: tea-coffee-cold-drinks/tea (menuId=170, storeCode=101) -> 66 products
2026-07-16 08:20:49,287 [INFO] scrapers.lots: lots[560001]: tea-coffee-cold-drinks/coffee-instant-premix (menuId=165, storeCode=101) -> 38 products
2026-07-16 08:21:05,939 [INFO] scrapers.lots: lots[560001]: instant-packaged-food/noodles (menuId=149, storeCode=101) -> 118 products
2026-07-16 08:21:17,050 [INFO] scrapers.lots: lots[560001]: instant-packaged-food/pasta (menuId=150, storeCode=101) -> 44 products
2026-07-16 08:21:36,183 [INFO] scrapers.lots: lots[560001]: sauces-spreads-cooking-essentials/sauces-vinegar (menuId=159, storeCode=101) -> 180 products
2026-07-16 08:21:49,585 [INFO] scrapers.lots: lots[560001]: sauces-spreads-cooking-essentials/pickles (menuId=158, storeCode=101) -> 28 products
2026-07-16 08:22:00,838 [INFO] scrapers.lots: lots[560001]: cleaning-laundry/dishwash (menuId=110, storeCode=101) -> 40 products
2026-07-16 08:22:16,550 [INFO] scrapers.lots: lots[560001]: cleaning-laundry/fabric-care (menuId=111, storeCode=101) -> 112 products
2026-07-16 08:22:32,071 [INFO] scrapers.lots: lots[560001]: hair-body-care/soaps-body-wash (menuId=141, storeCode=101) -> 115 products
2026-07-16 08:22:35,461 [INFO] main: lots: stored 4232 products
2026-07-16 08:22:35,794 [INFO] main: Canonical grouping: 4017 groups across 5992 products
2026-07-16 08:22:35,810 [INFO] main: Run complete. Total products upserted: 5992
